TableID,装备名称,装备名称颜色,装备描述,装备图标,等级需求,装备重量,装备点,物理攻击,物理防御,生命值,魔法值,附加属性1,附加数值1,附加属性2,附加数值2,附加属性3,附加数值3,附加属性4,附加数值4,触发技能类型,触发技能ID,触发技能CD,触发技能概率,购买价格,出售货币类型,出售价格,适应规则,职业需求,广播ID,脚本ID,装备升级需求等级,配方ID,掉落id,等级,是否可升级
INT,STRING,STRING,STRING,STRING,INT,INT,INT,INT,INT,INT,INT,INT,INT,INT,INT,INT,INT,INT,INT,Int,INT,INT,INT,INT,INT,INT,INT,INT,INT,INT,INT,INT,INT,INT,INT
10010001,远行鞋,FFFFFF,重量200.,z_yuanxingxie.jpg,1,200,-1,-1,-1,-1,-1,3,8,-1,-1,-1,-1,-1,-1,-1,-1,-1,-1,2450,0,16,9,-1,-1,-1,-1,1001,-1,-1,-1
10010002,相位之靴,FFFFFF,重量80.,z_xiangweixie.jpg,1,80,-1,24,-1,-1,-1,3,5,-1,-1,-1,-1,-1,-1,-1,-1,-1,-1,1350,0,9,9,-1,-1,-1,-1,1002,-1,-1,-1
10010003,力量假腿,FFFFFF,重量80.,z_jiatuililiang.jpg,1,80,-1,8,-1,152,-1,3,4,-1,-1,-1,-1,-1,-1,-1,-1,-1,-1,1400,0,9,9,-1,-1,-1,-1,1003,-1,-1,-1
10010004,敏捷假腿,FFFFFF,重量80.,z_jiatuiminjie.jpg,1,80,-1,8,8,-1,-1,3,4,-1,-1,-1,-1,-1,-1,-1,-1,-1,-1,1400,0,9,9,-1,-1,-1,-1,1004,-1,-1,-1
10010005,智力假腿,FFFFFF,重量80.,z_jiatuizhili.jpg,1,80,-1,8,-1,-1,104,3,4,-1,-1,-1,-1,-1,-1,-1,-1,-1,-1,1400,0,9,9,-1,-1,-1,-1,1005,-1,-1,-1
10010006,空明杖,FFFFFF,重量61.,z_kongmingzhang.jpg,1,61,-1,21,-1,-1,129,-1,-1,-1,-1,-1,-1,-1,-1,-1,-1,-1,-1,1675,0,11,8,-1,-1,-1,-1,1006,-1,-1,-1
10010007,坚韧球,FFFFFF,重量100.,z_jianrenqiu.jpg,1,100,-1,10,-1,125,85,-1,-1,-1,-1,-1,-1,-1,-1,-1,-1,-1,-1,1750,0,11,8,-1,-1,-1,-1,1007,-1,-1,-1
10010008,穷鬼盾,FFFFFF,重量10.,z_qiongguidun.jpg,1,10,-1,6,16,-1,-1,-1,-1,-1,-1,-1,-1,-1,-1,-1,-1,-1,-1,550,0,3,9,-1,-1,-1,-1,1008,-1,-1,-1
10010009,护腕,FFFFFF,重量10.,z_huwan.jpg,1,10,-1,12,3,114,39,-1,-1,-1,-1,-1,-1,-1,-1,-1,-1,-1,-1,525,0,3,8,-1,-1,-1,-1,1009,-1,-1,-1
10010010,幽灵系带,FFFFFF,重量10.,z_youlingxidai.jpg,1,10,-1,12,6,57,39,-1,-1,-1,-1,-1,-1,-1,-1,-1,-1,-1,-1,485,0,3,8,-1,-1,-1,-1,1010,-1,-1,-1
10010011,空灵挂件,FFFFFF,重量10.,z_guajian.jpg,1,10,-1,12,3,57,78,-1,-1,-1,-1,-1,-1,-1,-1,-1,-1,-1,-1,480,0,3,8,-1,-1,-1,-1,1011,-1,-1,-1
10010012,魔杖,FFFFFF,重量10.,z_damobang.jpg,1,10,-1,9,3,100,100,-1,-1,-1,-1,-1,-1,-1,-1,-1,-1,-1,-1,509,0,3,9,-1,-1,-1,-1,1012,-1,-1,-1
10010013,梅肯斯姆,FFFFFF,增加己方全体250点生命上限，该效果不可叠加。重量125.,z_meikensimu.jpg,1,125,-1,5,30,195,65,-1,-1,-1,-1,-1,-1,-1,-1,0,108401,-1,-1,2306,0,15,9,-1,-1,-1,-1,1013,-1,-1,1
10010014,秘法鞋,FFFFFF,被动增加己方全体魔法值上限270，该效果不可叠加。重量66.,z_mifaxie.jpg,1,66,-1,-1,-1,-1,250,3,3,-1,-1,-1,-1,-1,-1,0,108501,-1,-1,1450,0,9,9,-1,-1,-1,-1,1014,-1,-1,1
10010015,天鹰之戒,FFFFFF,重量30.,z_tianyingzhijie.jpg,1,30,-1,21,21,57,73,-1,-1,-1,-1,-1,-1,-1,-1,-1,-1,-1,-1,985,0,6,9,-1,-1,-1,-1,1015,-1,-1,-1
10010016,玄冥盾牌,FFFFFF,重量25.,z_xuanmingdunpai.jpg,1,25,-1,6,25,38,26,-1,-1,-1,-1,-1,-1,-1,-1,-1,-1,-1,-1,803,0,5,8,-1,-1,-1,-1,1101,-1,-1,-1
10010017,圣殿指环,FFFFFF,重量10.,z_wangzhezhijie.jpg,1,10,-1,6,15,-1,26,-1,-1,-1,-1,-1,-1,-1,-1,-1,-1,-1,-1,500,0,3,8,-1,-1,-1,-1,1102,-1,-1,-1
10010018,卡嘉之洞察长笛,FFFFFF,魔免上限为60，重量120.,z_dizi.jpg,1,120,-1,-1,-1,250,-1,21,40,-1,-1,-1,-1,-1,-1,-1,-1,-1,-1,3628,0,24,9,-1,-1,-1,-1,1103,-1,-1,1
10010019,回复头巾,FFFFFF,重量10.,z_huifutoujin.jpg,1,10,-1,6,2,113,26,-1,-1,-1,-1,-1,-1,-1,-1,-1,-1,-1,-1,603,0,4,8,-1,-1,-1,-1,1104,-1,-1,-1
10010020,勇气勋章,FFFFFF,对敌方单体英雄削弱物理防御力25持续7回合。重量30.,z_yongqixunzhang.jpg,1,30,-1,-1,25,-1,34,-1,-1,-1,-1,-1,-1,-1,-1,1,108601,7,10000,1075,0,7,9,-1,-1,-1,-1,1105,-1,-1,-1
10010021,古之忍耐姜歌,FFFFFF,为己方所有单位增加1的攻击速度，该效果不可叠加。重量100.,z_guzhirennaijiangge.jpg,1,100,-1,30,9,171,117,3,1,-1,-1,-1,-1,-1,-1,0,108701,-1,-1,1726,0,11,9,-1,-1,-1,-1,1106,-1,-1,1
10010022,静谧之鞋,FFFFFF,施展回春，为自己恢复170点生命值。重量40.,z_jingmizhixie.jpg,1,40,-1,-1,15,75,-1,3,5,-1,-1,-1,-1,-1,-1,1,108801,60,10000,975,0,6,9,-1,-1,-1,-1,1107,-1,-1,-1
10010023,羊刀,FFFFFF,将敌方单位变成青蛙，持续5回合。重量620.,z_yangdao.jpg,1,620,-1,35,10,190,659,-1,-1,-1,-1,-1,-1,-1,-1,1,108901,35,10000,5675,0,38,9,-1,-1,-1,-1,1108,-1,-1,1
10010024,紫怨,FFFFFF,使敌方单体在20回合内减少魔法伤害减免20%。重量173.,z_ziyuan.jpg,1,173,-1,55,-1,-1,427,-1,-1,-1,-1,-1,-1,-1,-1,1,109001,25,10000,4125,0,27,9,-1,-1,-1,-1,1109,-1,-1,1
10010025,风杖,FFFFFF,重量248.,z_fengzhang.jpg,1,248,-1,10,-1,-1,232,3,3,-1,-1,-1,-1,-1,-1,-1,-1,-1,-1,2700,0,18,9,-1,-1,-1,-1,1110,-1,-1,-1
10010026,红杖,FFFFFF,对敌方单体使用能量冲击造成400点魔法伤害。重量165.,z_hongzhang.jpg,1,165,-1,30,3,57,195,-1,-1,-1,-1,-1,-1,-1,-1,1,109101,40,10000,2780,0,18,9,-1,-1,-1,-1,1111,-1,-1,1
10010027,死灵书,FFFFFF,召唤死灵减少敌方单体目标200点法力值和生命值。重量165.,z_silingshu.jpg,1,165,-1,20,-1,114,195,-1,-1,-1,-1,-1,-1,-1,-1,1,109201,80,10000,2700,0,18,9,-1,-1,-1,-1,1112,-1,-1,1
10010028,A杖,FFFFFF,重量260.,z_azhang.jpg,1,260,-1,30,10,390,280,-1,-1,-1,-1,-1,-1,-1,-1,-1,-1,-1,-1,4200,0,28,9,-1,-1,-1,-1,1113,-1,-1,-1
10010029,纷争面纱,FFFFFF,减少敌方全体10%魔法伤害减免，持续20回合。重量173.,z_fenzhengmiansha.jpg,1,173,-1,12,6,150,156,-1,-1,-1,-1,-1,-1,-1,-1,1,109301,30,10000,3100,0,20,9,-1,-1,-1,-1,1114,-1,-1,1
10010030,阿托斯之棍,FFFFFF,使敌方单体减少攻击速度60%，持续3回合。重量260.,z_atuosizhigun.jpg,1,260,-1,25,-1,325,325,-1,-1,-1,-1,-1,-1,-1,-1,1,109401,16,10000,3100,0,20,9,-1,-1,-1,-1,1115,-1,-1,-1
10010031,强袭装甲,FFFFFF,减少敌方物理防御25点和物理免疫15点，不可叠加。重量580.,z_qiangxi.jpg,1,580,-1,-1,75,-1,-1,3,3,-1,-1,-1,-1,-1,-1,0,109501,-1,-1,5350,0,35,9,-1,-1,-1,-1,1201,-1,-1,1
10010032,魔龙之心,FFFFFF,重量580.,z_molongzhixin.jpg,1,580,-1,40,-1,1060,-1,-1,-1,-1,-1,-1,-1,-1,-1,-1,-1,-1,-1,5500,0,36,8,-1,-1,-1,-1,1202,-1,-1,1
10010033,黑皇杖,FFFFFF,使自身免受50%魔法伤害，魔免上限为60。重量216.,z_heihuang.jpg,1,216,-1,34,-1,190,-1,-1,-1,-1,-1,-1,-1,-1,-1,1,109601,55,10000,3900,0,26,9,-1,-1,-1,-1,1203,-1,-1,1
10010034,西瓦的守护,FFFFFF,对敌方全体使用极寒冲击，造成400点魔法伤害。重量560.,z_xiwa.jpg,1,560,-1,30,75,-1,390,-1,-1,-1,-1,-1,-1,-1,-1,1,109701,30,10000,4700,0,31,9,-1,-1,-1,-1,1204,-1,-1,1
10010035,血精石,FFFFFF,重量311.,z_xuejingshi.jpg,1,311,-1,-1,-1,725,536,-1,-1,-1,-1,-1,-1,-1,-1,-1,-1,-1,-1,5050,0,33,9,-1,-1,-1,-1,1205,-1,-1,1
10010036,林肯法球,FFFFFF,重量580.,z_linkenfaqiu.jpg,1,580,-1,45,15,435,297,-1,-1,-1,-1,-1,-1,-1,-1,-1,-1,-1,-1,5175,0,34,9,-1,-1,-1,-1,1206,-1,-1,-1
10010037,先锋盾,FFFFFF,物理免疫上限为60，重量93.,z_xianfengdun.jpg,1,93,-1,-1,28,400,-1,15,10,-1,-1,-1,-1,-1,-1,-1,-1,-1,-1,2225,0,15,9,-1,-1,-1,-1,1207,-1,-1,1
10010038,振魂石,FFFFFF,重量260.,z_zhenhunshi.jpg,1,260,-1,-1,-1,550,468,-1,-1,-1,-1,-1,-1,-1,-1,-1,-1,-1,-1,3300,0,22,8,-1,-1,-1,-1,1208,-1,-1,-1
10010039,挑战头巾,FFFFFF,魔免上限为60，重量100.,z_tiaozhan.jpg,1,100,-1,-1,-1,200,-1,21,30,-1,-1,-1,-1,-1,-1,-1,-1,-1,-1,2125,0,14,8,-1,-1,-1,-1,1209,-1,-1,-1
10010040,幻影斧,FFFFFF,对敌方单体造成物理攻击3倍再附加100的伤害。重量560.,z_huanyingfu.jpg,1,560,-1,46,26,190,130,3,3,-1,-1,-1,-1,-1,-1,1,109801,35,10000,5050,0,33,9,-1,-1,-1,-1,1210,-1,-1,1
10010041,散夜对剑,FFFFFF,使目标残废，削弱其攻击速度30%，持续3回合。重量173.,z_duijian.jpg,1,173,-1,44,16,304,-1,3,3,-1,-1,-1,-1,-1,-1,1,109901,0,1500,4100,0,27,9,-1,-1,-1,-1,1211,-1,-1,1
10010042,撒旦之邪力,FFFFFF,主动使用不洁狂热使自身恢复500点生命值。重量620.,z_sadanzhixieli.jpg,1,620,-1,45,25,475,-1,-1,-1,-1,-1,-1,-1,-1,-1,1,110001,35,10000,6150,0,41,9,-1,-1,-1,-1,1212,-1,-1,1
10010043,雷神之锤,FFFFFF,连环闪电使敌方全体受到200点魔法伤害。重量580.,z_dadiancui.jpg,1,580,-1,24,-1,-1,-1,3,8,-1,-1,-1,-1,-1,-1,1,110101,30,10000,5500,0,36,9,-1,-1,-1,-1,1213,-1,-1,1
10010044,斯嘉蒂之眼,FFFFFF,霜冻使敌方单体减少速度20%，持续3回合。重量620.,z_bingyan.jpg,1,620,-1,75,75,725,575,-1,-1,-1,-1,-1,-1,-1,-1,1,110201,0,10000,5850,0,39,9,-1,-1,-1,-1,1214,-1,-1,1
10010045,散华,FFFFFF,使目标残废，削弱其攻击速度20%，持续3回合。重量100.,z_sanhua.jpg,1,100,-1,26,-1,304,-1,-1,-1,-1,-1,-1,-1,-1,-1,1,110301,0,1500,2050,0,13,9,-1,-1,-1,-1,1215,-1,-1,-1
10010046,夜叉,FFFFFF,重量100.,z_yecha.jpg,1,100,-1,16,16,-1,-1,3,3,-1,-1,-1,-1,-1,-1,-1,-1,-1,-1,2050,0,13,9,-1,-1,-1,-1,1301,-1,-1,-1
10010047,支配头盔,FFFFFF,攻击敌人使自身瞬间恢复100点生命值。重量100.,z_zhipei.jpg,1,100,-1,20,25,-1,-1,-1,-1,-1,-1,-1,-1,-1,-1,1,110401,0,10000,1850,0,12,9,-1,-1,-1,-1,1302,-1,-1,-1
10010048,漩涡,FFFFFF,连环闪电使敌方全体受到120点魔法伤害。重量248.,z_leicui.jpg,1,248,-1,24,-1,-1,-1,3,3,-1,-1,-1,-1,-1,-1,1,110501,0,2500,2700,0,18,9,-1,-1,-1,-1,1303,-1,-1,-1
10010049,黯灭,FFFFFF,减少单体物理防御30点物理免疫30点，持续15回合。重量173.,z_anmie.jpg,1,173,-1,60,-1,-1,-1,-1,-1,-1,-1,-1,-1,-1,-1,1,110601,0,10000,4100,0,27,9,-1,-1,-1,-1,1304,-1,-1,1
10010050,散失之刃,FFFFFF,使敌方目标受到100点伤害，并减少100点魔法值。重量173.,z_sanshi.jpg,1,173,-1,22,22,-1,78,-1,-1,-1,-1,-1,-1,-1,-1,1,110701,0,10000,3300,0,22,9,-1,-1,-1,-1,1305,-1,-1,1
10010051,天堂之戟,FFFFFF,使目标残废，削弱其攻击速度20%，持续3回合。重量277.,z_tiantangzhiji.jpg,1,277,-1,40,-1,380,-1,7,25,-1,-1,-1,-1,-1,-1,1,110801,0,1500,3950,0,26,9,-1,-1,-1,-1,1306,-1,-1,1
10010052,圣剑,FFFFFF,重量900.,z_shengjian.jpg,1,900,-1,250,-1,-1,-1,-1,-1,-1,-1,-1,-1,-1,-1,-1,-1,-1,-1,6200,0,66,8,-1,-1,-1,-1,1307,-1,-1,1
10010053,金箍棒,FFFFFF,猛击对方单体目标使其受到300点伤害。重量580.,z_jingubang.jpg,1,580,-1,80,-1,-1,-1,6,100,-1,-1,-1,-1,-1,-1,1,110901,0,3500,5400,0,36,9,-1,-1,-1,-1,1308,-1,-1,1
10010054,辉耀,FFFFFF,使敌方全体受到每2回合90点的持续伤害，不可叠加。重量200.,z_huiyao.jpg,1,200,-1,60,-1,-1,-1,-1,-1,-1,-1,-1,-1,-1,-1,0,111001,-1,-1,5150,0,34,9,-1,-1,-1,-1,1309,-1,-1,1
10010055,蝴蝶,FFFFFF,重量620.,z_hudie.jpg,1,620,-1,60,30,-1,-1,3,6,7,30,-1,-1,-1,-1,-1,-1,-1,-1,6000,0,40,9,-1,-1,-1,-1,1310,-1,-1,1
10010056,大炮,FFFFFF,重量620.,z_dapao.jpg,1,620,-1,81,-1,-1,-1,8,25,14,240,-1,-1,-1,-1,-1,-1,-1,-1,5600,0,37,9,-1,-1,-1,-1,1311,-1,-1,1
10010057,碎骨锤,FFFFFF,主动使用使敌方眩晕2回合。重量248.,z_suiguchui.jpg,1,248,-1,46,-1,114,-1,-1,-1,-1,-1,-1,-1,-1,-1,1,111101,0,2500,2950,0,19,9,-1,-1,-1,-1,1312,-1,-1,-1
10010058,狂战斧,FFFFFF,溅射使敌方目标周围受到自身攻击50%伤害。重量173.,z_kuangzhan.jpg,1,173,-1,65,-1,150,102,-1,-1,-1,-1,-1,-1,-1,-1,1,111201,0,10000,4350,0,29,9,-1,-1,-1,-1,1313,-1,-1,1
10010059,深渊之刃,FFFFFF,主动使用压服使敌方单体目标眩晕3回合。重量620.,z_shenyuanzhiren.jpg,1,620,-1,110,-1,190,-1,-1,-1,-1,-1,-1,-1,-1,-1,1,111301,60,10000,6750,0,45,9,-1,-1,-1,-1,1314,-1,-1,1
10010060,水晶剑,FFFFFF,重量260.,z_shuijingjian.jpg,1,260,-1,30,-1,-1,-1,8,20,14,175,-1,-1,-1,-1,-1,-1,-1,-1,2150,0,14,9,-1,-1,-1,-1,1315,-1,-1,-1
10010061,攻击之爪,FFFFFF,重量9.,z_gongjizhizhua.jpg,1,9,-1,9,-1,-1,-1,-1,-1,-1,-1,-1,-1,-1,-1,-1,-1,-1,-1,450,0,3,8,-1,-1,-1,-1,-1,100411,-1,-1
10010062,大剑,FFFFFF,重量90.,z_dajian.jpg,1,90,-1,21,-1,-1,-1,-1,-1,-1,-1,-1,-1,-1,-1,-1,-1,-1,-1,1400,0,9,8,-1,-1,-1,-1,-1,2,-1,-1
10010063,阔剑,FFFFFF,重量90.,z_kuojian.jpg,1,90,-1,18,-1,-1,-1,-1,-1,-1,-1,-1,-1,-1,-1,-1,-1,-1,-1,1200,0,8,8,-1,-1,-1,-1,-1,2,-1,-1
10010064,短棍,FFFFFF,重量40.,z_duangun.jpg,1,40,-1,10,-1,-1,-1,3,1,-1,-1,-1,-1,-1,-1,-1,-1,-1,-1,900,0,6,8,-1,-1,-1,-1,-1,1,-1,-1
10010065,守护指环,FFFFFF,重量4.,z_shouhuzhihuan.jpg,1,4,-1,-1,10,-1,-1,-1,-1,-1,-1,-1,-1,-1,-1,-1,-1,-1,-1,175,0,1,8,-1,-1,-1,-1,-1,100208,-1,-1
10010066,圆盾,FFFFFF,重量5.,z_xiaoyuandun.jpg,1,5,-1,-1,12,-1,-1,-1,-1,-1,-1,-1,-1,-1,-1,-1,-1,-1,-1,250,0,1,8,-1,-1,-1,-1,-1,100204,-1,-1
10010067,标枪,FFFFFF,主动使用对敌方单体造成40点伤害。重量90.,z_biaoqiang.jpg,1,90,-1,21,-1,-1,-1,-1,-1,-1,-1,-1,-1,-1,-1,1,111401,0,2000,1500,0,10,8,-1,-1,-1,-1,-1,3,-1,-1
10010068,秘银锤,FFFFFF,重量90.,z_miyancui.jpg,1,90,-1,24,-1,-1,-1,-1,-1,-1,-1,-1,-1,-1,-1,-1,-1,-1,-1,1600,0,10,8,-1,-1,-1,-1,-1,3,-1,-1
10010069,锁子甲,FFFFFF,重量20.,z_suozijia.jpg,1,20,-1,-1,25,-1,-1,-1,-1,-1,-1,-1,-1,-1,-1,-1,-1,-1,-1,550,0,3,8,-1,-1,-1,-1,-1,100510,-1,-1
10010070,铁意头盔,FFFFFF,重量50.,z_tieyitoukui.jpg,1,50,-1,-1,25,75,-1,-1,-1,-1,-1,-1,-1,-1,-1,-1,-1,-1,-1,950,0,6,8,-1,-1,-1,-1,-1,1,-1,-1
10010071,板甲,FFFFFF,重量90.,z_banjia.jpg,1,90,-1,-1,50,-1,-1,-1,-1,-1,-1,-1,-1,-1,-1,-1,-1,-1,-1,1400,0,9,8,-1,-1,-1,-1,-1,2,-1,-1
10010072,力量拳套,FFFFFF,重量3.,z_quantao.jpg,1,3,-1,3,-1,57,-1,-1,-1,-1,-1,-1,-1,-1,-1,-1,-1,-1,-1,150,0,3,8,-1,-1,-1,-1,-1,100102,-1,-1
10010073,敏捷便鞋,FFFFFF,重量3.,z_minjiebianxie.jpg,1,3,-1,3,3,-1,-1,-1,-1,-1,-1,-1,-1,-1,-1,-1,-1,-1,-1,150,0,3,8,-1,-1,-1,-1,-1,100103,-1,-1
10010074,智力斗篷,FFFFFF,重量3.,z_zhilidoupeng.jpg,1,3,-1,3,-1,-1,39,-1,-1,-1,-1,-1,-1,-1,-1,-1,-1,-1,-1,150,0,3,8,-1,-1,-1,-1,-1,100104,-1,-1
10010075,铁树枝干,FFFFFF,重量1.,z_shuzhi.jpg,1,1,-1,3,1,19,13,-1,-1,-1,-1,-1,-1,-1,-1,-1,-1,-1,-1,53,0,1,8,-1,-1,-1,-1,-1,100001,-1,-1
10010076,巨人力量腰带,FFFFFF,重量9.,z_jurenliliangyaodai.jpg,1,9,-1,6,-1,114,-1,-1,-1,-1,-1,-1,-1,-1,-1,-1,-1,-1,-1,450,0,3,8,-1,-1,-1,-1,-1,100406,-1,-1
10010077,精灵皮靴,FFFFFF,重量9.,z_jinglingpixue.jpg,1,9,-1,6,6,-1,-1,-1,-1,-1,-1,-1,-1,-1,-1,-1,-1,-1,-1,450,0,3,8,-1,-1,-1,-1,-1,100410,-1,-1
10010078,法师长袍,FFFFFF,重量9.,z_fashichangpao.jpg,1,9,-1,6,-1,-1,78,-1,-1,-1,-1,-1,-1,-1,-1,-1,-1,-1,-1,450,0,3,8,-1,-1,-1,-1,-1,100411,-1,-1
10010079,贵族圆环,FFFFFF,重量4.,z_guizuyuanhuan.jpg,1,4,-1,6,2,38,26,-1,-1,-1,-1,-1,-1,-1,-1,-1,-1,-1,-1,185,0,1,8,-1,-1,-1,-1,-1,100105,-1,-1
10010080,食人魔之斧,FFFFFF,重量50.,z_shirenmozhifu.jpg,1,50,-1,10,-1,190,-1,-1,-1,-1,-1,-1,-1,-1,-1,-1,-1,-1,-1,1000,0,6,8,-1,-1,-1,-1,-1,2,-1,-1
10010081,欢欣之刃,FFFFFF,重量50.,z_huanxinzhiren.jpg,1,50,-1,10,10,-1,-1,-1,-1,-1,-1,-1,-1,-1,-1,-1,-1,-1,-1,1000,0,6,8,-1,-1,-1,-1,-1,2,-1,-1
10010082,魔力法杖,FFFFFF,重量50.,z_molifazhang.jpg,1,50,-1,10,-1,-1,130,-1,-1,-1,-1,-1,-1,-1,-1,-1,-1,-1,-1,1000,0,6,8,-1,-1,-1,-1,-1,2,-1,-1
10010083,极限法球,FFFFFF,重量100.,z_jixianfaqiu.jpg,1,100,-1,30,10,190,130,-1,-1,-1,-1,-1,-1,-1,-1,-1,-1,-1,-1,2100,0,14,8,-1,-1,-1,-1,-1,4,-1,-1
10010084,加速手套,FFFFFF,重量10.,z_jiasushoutao .jpg,1,10,-1,-1,-1,-1,-1,3,2,-1,-1,-1,-1,-1,-1,-1,-1,-1,-1,500,0,3,8,-1,-1,-1,-1,-1,100511,-1,-1
10010085,死亡面具,FFFFFF,攻击使自身恢复50点生命值。重量40.,z_siwangmianju.jpg,1,40,-1,-1,-1,-1,-1,-1,-1,-1,-1,-1,-1,-1,-1,1,111501,0,10000,900,0,6,9,-1,-1,-1,-1,-1,1,-1,-1
10010086,跳刀,FFFFFF,重量100.,z_tiaodao.jpg,1,100,-1,-1,-1,-1,-1,-1,-1,-1,-1,-1,-1,-1,-1,-1,-1,-1,-1,2150,0,14,9,-1,-1,-1,-1,-1,-1,-1,-1
10010087,艺人面罩,FFFFFF,重量7.,z_yirenmianzhao.jpg,1,7,-1,-1,-1,-1,34,-1,-1,-1,-1,-1,-1,-1,-1,-1,-1,-1,-1,325,0,2,8,-1,-1,-1,-1,-1,100204,-1,-1
10010088,速度之靴,FFFFFF,重量9.,z_xie.jpg,1,9,-1,-1,-1,-1,-1,3,3,-1,-1,-1,-1,-1,-1,-1,-1,-1,-1,450,0,3,9,-1,-1,-1,-1,-1,100310,-1,-1
10010089,流浪法师斗篷,FFFFFF,魔免上限为60，重量20.,z_doupeng.jpg,1,20,-1,-1,-1,-1,-1,21,15,-1,-1,-1,-1,-1,-1,-1,-1,-1,-1,550,0,3,9,-1,-1,-1,-1,-1,100511,-1,-1
10010090,魔棒,FFFFFF,重量4.,z_mobang.jpg,1,4,-1,-1,-1,60,60,-1,-1,-1,-1,-1,-1,-1,-1,-1,-1,-1,-1,200,0,1,9,-1,-1,-1,-1,-1,100106,-1,-1
10010091,闪避护符,FFFFFF,重量90.,z_shanbihufu.jpg,1,90,-1,-1,-1,-1,-1,7,25,-1,-1,-1,-1,-1,-1,-1,-1,-1,-1,1800,0,12,9,-1,-1,-1,-1,-1,3,-1,-1
10010092,绿杖,FFFFFF,使自己受到物理伤害减少30%,物免上限为60,重量260.,z_lvzhang.jpg,1,260,-1,21,7,133,91,-1,-1,-1,-1,-1,-1,-1,-1,0,111601,30,10000,1600,0,10,9,-1,-1,-1,-1,-1,3,-1,1
10010093,暗影护符,FFFFFF,重量90.,z_anyinghufu.jpg,1,90,-1,-1,-1,-1,-1,3,4,-1,-1,-1,-1,-1,-1,-1,-1,-1,-1,1600,0,10,9,-1,-1,-1,-1,-1,3,-1,-1
10010094,小净化药水,FFFFFF,重量1.,z_jinghuayaoshui.jpg,1,1,-1,-1,-1,-1,100,-1,-1,-1,-1,-1,-1,-1,-1,-1,-1,-1,-1,50,0,1,9,-1,-1,-1,-1,-1,100002,-1,-1
10010095,治疗药膏,FFFFFF,重量2.,z_dayao.jpg,1,2,-1,-1,-1,200,-1,-1,-1,-1,-1,-1,-1,-1,-1,-1,-1,-1,-1,100,0,2,9,-1,-1,-1,-1,-1,100101,-1,-1
10010096,艾西非的远古祭祀,FFFFFF,重量1.,z_aixifeideyuangujishi.jpg,1,1,-1,-1,-1,90,-1,-1,-1,-1,-1,-1,-1,-1,-1,-1,-1,-1,-1,30,0,1,9,-1,-1,-1,-1,-1,100003,-1,-1
10010097,魔瓶,FFFFFF,重量10.,z_pingzi.jpg,1,10,-1,-1,-1,200,100,-1,-1,-1,-1,-1,-1,-1,-1,-1,-1,-1,-1,600,0,4,9,-1,-1,-1,-1,-1,100209,-1,-1
10010098,恶魔刀锋,FFFFFF,重量150.,z_emodaofeng.jpg,1,150,-1,46,-1,-1,-1,-1,-1,-1,-1,-1,-1,-1,-1,-1,-1,-1,-1,2400,0,16,8,-1,-1,-1,-1,-1,4,-1,-1
10010099,圣者遗物,FFFFFF,重量260.,z_shengzheyiwu.jpg,1,260,-1,60,-1,-1,-1,-1,-1,-1,-1,-1,-1,-1,-1,-1,-1,-1,-1,3800,0,25,8,-1,-1,-1,-1,-1,4,-1,-1
10010100,鹰角弓,FFFFFF,重量150.,z_yingjiaogong.jpg,1,150,-1,25,25,-1,-1,-1,-1,-1,-1,-1,-1,-1,-1,-1,-1,-1,-1,3300,0,22,8,-1,-1,-1,-1,-1,4,-1,-1
10010101,希梅斯特的掠夺,FFFFFF,重量150.,z_meisaisidelueduo.jpg,1,150,-1,25,-1,475,-1,-1,-1,-1,-1,-1,-1,-1,-1,-1,-1,-1,-1,3200,0,21,8,-1,-1,-1,-1,-1,4,-1,-1
10010102,神秘法杖,FFFFFF,重量150.,z_shenmifazhang.jpg,1,150,-1,25,-1,-1,325,-1,-1,-1,-1,-1,-1,-1,-1,-1,-1,-1,-1,2700,0,18,8,-1,-1,-1,-1,-1,4,-1,-1
10010103,振奋宝石,FFFFFF,重量100.,z_zhenfenbaoshi.jpg,1,100,-1,-1,-1,-1,-1,3,4,-1,-1,-1,-1,-1,-1,-1,-1,-1,-1,2100,0,14,8,-1,-1,-1,-1,-1,4,-1,-1
10010104,虚无宝石,FFFFFF,重量40.,z_xuwubaoshi.jpg,1,40,-1,-1,-1,-1,68,-1,-1,-1,-1,-1,-1,-1,-1,-1,-1,-1,-1,875,0,6,8,-1,-1,-1,-1,-1,100607,-1,-1
10010105,治疗指环,FFFFFF,重量40.,z_zhiliaozhihuan.jpg,1,40,-1,-1,-1,125,-1,-1,-1,-1,-1,-1,-1,-1,-1,-1,-1,-1,-1,875,0,6,8,-1,-1,-1,-1,-1,100608,-1,-1
10010106,活力之球,FFFFFF,重量50.,z_huolizhiqiu.jpg,1,50,-1,-1,-1,250,-1,-1,-1,-1,-1,-1,-1,-1,-1,-1,-1,-1,-1,1100,0,7,8,-1,-1,-1,-1,-1,2,-1,-1
10010107,能量之球,FFFFFF,重量50.,z_nengliangzhiqiu.jpg,1,50,-1,-1,-1,-1,250,-1,-1,-1,-1,-1,-1,-1,-1,-1,-1,-1,-1,1000,0,6,8,-1,-1,-1,-1,-1,2,-1,-1
10010108,精气之球,FFFFFF,重量50.,z_jingqizhiqiu.jpg,1,50,-1,-1,-1,200,150,-1,-1,-1,-1,-1,-1,-1,-1,-1,-1,-1,-1,1200,0,8,8,-1,-1,-1,-1,-1,2,-1,-1
10010109,淬毒之珠,FFFFFF,使敌方攻击速度减少2点，持续3回合。重量20.,z_cuiduzhizhu.jpg,1,20,-1,4,-1,-1,-1,-1,-1,-1,-1,-1,-1,-1,-1,1,111701,0,10000,275,0,2,9,-1,-1,-1,-1,-1,1,-1,-1
10010110,回复戒指,FFFFFF,重量7.,z_huifujiezhi.jpg,1,7,-1,-1,-1,50,-1,-1,-1,-1,-1,-1,-1,-1,-1,-1,-1,-1,-1,350,0,2,8,-1,-1,-1,-1,-1,100506,-1,-1
10011001,远行鞋卷轴,FFFFFF,重量57.,z_yuanxingxie.jpg,1,57,-1,-1,-1,-1,-1,-1,-1,-1,-1,-1,-1,-1,-1,-1,-1,-1,-1,2000,0,13,8,-1,-1,-1,-1,-1,3,-3,-1
10011002,黯灭卷轴,FFFFFF,重量28.,z_anmie.jpg,1,28,-1,-1,-1,-1,-1,-1,-1,-1,-1,-1,-1,-1,-1,-1,-1,-1,-1,900,0,6,8,-1,-1,-1,-1,-1,3,-3,-1
10011003,大炮卷轴,FFFFFF,重量31.,z_dapao.jpg,1,31,-1,-1,-1,-1,-1,-1,-1,-1,-1,-1,-1,-1,-1,-1,-1,-1,-1,1000,0,6,8,-1,-1,-1,-1,-1,4,-3,-1
10011004,纷争面纱卷轴,FFFFFF,重量38.,z_fenzhengmiansha.jpg,1,38,-1,-1,-1,-1,-1,-1,-1,-1,-1,-1,-1,-1,-1,-1,-1,-1,-1,1250,0,8,8,-1,-1,-1,-1,-1,2,-3,-1
10011005,风杖卷轴,FFFFFF,重量18.,z_fengzhang.jpg,1,18,-1,-1,-1,-1,-1,-1,-1,-1,-1,-1,-1,-1,-1,-1,-1,-1,-1,500,0,3,8,-1,-1,-1,-1,-1,2,-3,-1
10011006,古之忍耐姜歌卷轴,FFFFFF,重量25.,z_guzhirennaijiangge.jpg,1,25,-1,-1,-1,-1,-1,-1,-1,-1,-1,-1,-1,-1,-1,-1,-1,-1,-1,750,0,5,8,-1,-1,-1,-1,-1,1,-3,-1
10011007,黑皇杖卷轴,FFFFFF,重量39.,z_heihuang.jpg,1,39,-1,-1,-1,-1,-1,-1,-1,-1,-1,-1,-1,-1,-1,-1,-1,-1,-1,1300,0,8,8,-1,-1,-1,-1,-1,3,-3,-1
10011008,红杖卷轴,FFFFFF,重量39.,z_hongzhang.jpg,1,39,-1,-1,-1,-1,-1,-1,-1,-1,-1,-1,-1,-1,-1,-1,-1,-1,-1,1350,0,8,8,-1,-1,-1,-1,-1,2,-3,-1
10011009,护腕卷轴,FFFFFF,重量9.,z_huwan.jpg,1,9,-1,-1,-1,-1,-1,-1,-1,-1,-1,-1,-1,-1,-1,-1,-1,-1,-1,190,0,3,8,-1,-1,-1,-1,-1,100310,-3,-1
10011010,幻影斧卷轴,FFFFFF,重量28.,z_huanyingfu.jpg,1,28,-1,-1,-1,-1,-1,-1,-1,-1,-1,-1,-1,-1,-1,-1,-1,-1,-1,900,0,6,8,-1,-1,-1,-1,-1,4,-3,-1
10011011,辉耀卷轴,FFFFFF,重量40.,z_huiyao.jpg,1,40,-1,-1,-1,-1,-1,-1,-1,-1,-1,-1,-1,-1,-1,-1,-1,-1,-1,1350,0,9,8,-1,-1,-1,-1,-1,4,-3,-1
10011012,回复头巾卷轴,FFFFFF,重量10.,z_huifutoujin.jpg,1,10,-1,-1,-1,-1,-1,-1,-1,-1,-1,-1,-1,-1,-1,-1,-1,-1,-1,200,0,1,8,-1,-1,-1,-1,-1,100506,-3,-1
10011013,卡嘉之洞察长笛卷轴,FFFFFF,重量28.,z_dizi.jpg,1,28,-1,-1,-1,-1,-1,-1,-1,-1,-1,-1,-1,-1,-1,-1,-1,-1,-1,900,0,6,8,-1,-1,-1,-1,-1,3,-3,-1
10011014,空灵挂件卷轴,FFFFFF,重量8.,z_guajian.jpg,1,8,-1,-1,-1,-1,-1,-1,-1,-1,-1,-1,-1,-1,-1,-1,-1,-1,-1,145,0,2,8,-1,-1,-1,-1,-1,100305,-3,-1
10011015,雷神之锤卷轴,FFFFFF,重量21.,z_dadiancui.jpg,1,21,-1,-1,-1,-1,-1,-1,-1,-1,-1,-1,-1,-1,-1,-1,-1,-1,-1,600,0,4,8,-1,-1,-1,-1,-1,4,-3,-1
10011016,林肯法球卷轴,FFFFFF,重量39.,z_linkenfaqiu.jpg,1,39,-1,-1,-1,-1,-1,-1,-1,-1,-1,-1,-1,-1,-1,-1,-1,-1,-1,1325,0,8,8,-1,-1,-1,-1,-1,4,-3,-1
10011017,梅肯斯姆卷轴,FFFFFF,重量28.,z_meikensimu.jpg,1,28,-1,-1,-1,-1,-1,-1,-1,-1,-1,-1,-1,-1,-1,-1,-1,-1,-1,900,0,6,8,-1,-1,-1,-1,-1,100809,-3,-1
10011018,魔龙之心卷轴,FFFFFF,重量36.,z_molongzhixin.jpg,1,36,-1,-1,-1,-1,-1,-1,-1,-1,-1,-1,-1,-1,-1,-1,-1,-1,-1,1200,0,8,8,-1,-1,-1,-1,-1,4,-3,-1
10011019,魔杖卷轴,FFFFFF,重量9.,z_damobang.jpg,1,9,-1,-1,-1,-1,-1,-1,-1,-1,-1,-1,-1,-1,-1,-1,-1,-1,-1,150,0,3,8,-1,-1,-1,-1,-1,100208,-3,-1
10011020,强袭装甲卷轴,FFFFFF,重量39.,z_qiangxi.jpg,1,39,-1,-1,-1,-1,-1,-1,-1,-1,-1,-1,-1,-1,-1,-1,-1,-1,-1,1300,0,8,8,-1,-1,-1,-1,-1,4,-3,-1
10011021,撒旦之邪力卷轴,FFFFFF,重量34.,z_sadanzhixieli.jpg,1,34,-1,-1,-1,-1,-1,-1,-1,-1,-1,-1,-1,-1,-1,-1,-1,-1,-1,1100,0,7,8,-1,-1,-1,-1,-1,4,-3,-1
10011022,散华卷轴,FFFFFF,重量21.,z_sanhua.jpg,1,21,-1,-1,-1,-1,-1,-1,-1,-1,-1,-1,-1,-1,-1,-1,-1,-1,-1,600,0,4,8,-1,-1,-1,-1,-1,1,-3,-1
10011023,散失之刃卷轴,FFFFFF,重量27.,z_sanshi.jpg,1,27,-1,-1,-1,-1,-1,-1,-1,-1,-1,-1,-1,-1,-1,-1,-1,-1,-1,850,0,5,8,-1,-1,-1,-1,-1,2,-3,-1
10011024,水晶剑卷轴,FFFFFF,重量18.,z_shuijingjian.jpg,1,18,-1,-1,-1,-1,-1,-1,-1,-1,-1,-1,-1,-1,-1,-1,-1,-1,-1,500,0,3,8,-1,-1,-1,-1,-1,1,-3,-1
10011025,死灵书卷轴,FFFFFF,重量38.,z_silingshu.jpg,1,38,-1,-1,-1,-1,-1,-1,-1,-1,-1,-1,-1,-1,-1,-1,-1,-1,-1,1250,0,8,8,-1,-1,-1,-1,-1,2,-3,-1
10011026,碎骨锤卷轴,FFFFFF,重量31.,z_suiguchui.jpg,1,31,-1,-1,-1,-1,-1,-1,-1,-1,-1,-1,-1,-1,-1,-1,-1,-1,-1,1000,0,6,8,-1,-1,-1,-1,-1,2,-3,-1
10011027,西瓦的守护卷轴,FFFFFF,重量21.,z_xiwa.jpg,1,21,-1,-1,-1,-1,-1,-1,-1,-1,-1,-1,-1,-1,-1,-1,-1,-1,-1,600,0,4,8,-1,-1,-1,-1,-1,3,-3,-1
10011028,玄冥盾牌卷轴,FFFFFF,重量10.,z_xuanmingdunpai.jpg,1,10,-1,-1,-1,-1,-1,-1,-1,-1,-1,-1,-1,-1,-1,-1,-1,-1,-1,200,0,1,8,-1,-1,-1,-1,-1,100510,-3,-1
10011029,漩涡卷轴,FFFFFF,重量21.,z_leicui.jpg,1,21,-1,-1,-1,-1,-1,-1,-1,-1,-1,-1,-1,-1,-1,-1,-1,-1,-1,600,0,4,8,-1,-1,-1,-1,-1,2,-3,-1
10011030,夜叉卷轴,FFFFFF,重量21.,z_yecha.jpg,1,21,-1,-1,-1,-1,-1,-1,-1,-1,-1,-1,-1,-1,-1,-1,-1,-1,-1,600,0,4,8,-1,-1,-1,-1,-1,1,-3,-1
10011031,勇气勋章卷轴,FFFFFF,重量10.,z_yongqixunzhang.jpg,1,10,-1,-1,-1,-1,-1,-1,-1,-1,-1,-1,-1,-1,-1,-1,-1,-1,-1,200,0,1,8,-1,-1,-1,-1,-1,1,-3,-1
10011032,幽灵系带卷轴,FFFFFF,重量9.,z_youlingxidai.jpg,1,9,-1,-1,-1,-1,-1,-1,-1,-1,-1,-1,-1,-1,-1,-1,-1,-1,-1,150,0,3,8,-1,-1,-1,-1,-1,100309,-3,-1
10011033,紫怨卷轴,FFFFFF,重量25.,z_ziyuan.jpg,1,25,-1,-1,-1,-1,-1,-1,-1,-1,-1,-1,-1,-1,-1,-1,-1,-1,-1,775,0,5,8,-1,-1,-1,-1,-1,3,-3,-1
10012001,大剑碎片,FFFFFF,重量15.,z_dajian.jpg,2,15,-1,-1,-1,-1,-1,-1,-1,-1,-1,-1,-1,-1,-1,-1,-1,-1,-1,775,0,1,8,-1,-1,-1,-1,-1,101710,-2,-1
10012002,阔剑碎片,FFFFFF,重量15.,z_kuojian.jpg,3,15,-1,-1,-1,-1,-1,-1,-1,-1,-1,-1,-1,-1,-1,-1,-1,-1,-1,775,0,1,8,-1,-1,-1,-1,-1,101610,-2,-1
10012003,短棍碎片,FFFFFF,重量15.,z_duangun.jpg,4,15,-1,-1,-1,-1,-1,-1,-1,-1,-1,-1,-1,-1,-1,-1,-1,-1,-1,775,0,1,8,-1,-1,-1,-1,-1,101107,-2,-1
10012004,标枪碎片,FFFFFF,重量15.,z_biaoqiang.jpg,5,15,-1,-1,-1,-1,-1,-1,-1,-1,-1,-1,-1,-1,-1,-1,-1,-1,-1,775,0,1,8,-1,-1,-1,-1,-1,101807,-2,-1
10012005,秘银锤碎片,FFFFFF,重量15.,z_miyancui.jpg,6,15,-1,-1,-1,-1,-1,-1,-1,-1,-1,-1,-1,-1,-1,-1,-1,-1,-1,775,0,1,8,-1,-1,-1,-1,-1,101810,-2,-1
10012006,铁意头盔碎片,FFFFFF,重量15.,z_tieyitoukui.jpg,7,15,-1,-1,-1,-1,-1,-1,-1,-1,-1,-1,-1,-1,-1,-1,-1,-1,-1,775,0,1,8,-1,-1,-1,-1,-1,101014,-2,-1
10012007,食人魔之斧碎片,FFFFFF,重量15.,z_shirenmozhifu.jpg,8,15,-1,-1,-1,-1,-1,-1,-1,-1,-1,-1,-1,-1,-1,-1,-1,-1,-1,775,0,1,8,-1,-1,-1,-1,-1,101409,-2,-1
10012008,欢欣之刃碎片,FFFFFF,重量15.,z_huanxinzhiren.jpg,9,15,-1,-1,-1,-1,-1,-1,-1,-1,-1,-1,-1,-1,-1,-1,-1,-1,-1,775,0,1,8,-1,-1,-1,-1,-1,101412,-2,-1
10012009,魔力法杖碎片,FFFFFF,重量15.,z_molifazhang.jpg,10,15,-1,-1,-1,-1,-1,-1,-1,-1,-1,-1,-1,-1,-1,-1,-1,-1,-1,775,0,1,8,-1,-1,-1,-1,-1,101210,-2,-1
10012010,死亡面具碎片,FFFFFF,重量15.,z_siwangmianju.jpg,11,15,-1,-1,-1,-1,-1,-1,-1,-1,-1,-1,-1,-1,-1,-1,-1,-1,-1,775,0,1,8,-1,-1,-1,-1,-1,101012,-2,-1
10012012,活力之球碎片,FFFFFF,重量15.,z_huolizhiqiu.jpg,13,15,-1,-1,-1,-1,-1,-1,-1,-1,-1,-1,-1,-1,-1,-1,-1,-1,-1,775,0,1,8,-1,-1,-1,-1,-1,100712,-2,-1
10012013,能量之球碎片,FFFFFF,重量15.,z_nengliangzhiqiu.jpg,14,15,-1,-1,-1,-1,-1,-1,-1,-1,-1,-1,-1,-1,-1,-1,-1,-1,-1,775,0,1,8,-1,-1,-1,-1,-1,100708,-2,-1
10012014,精气之球碎片,FFFFFF,重量15.,z_jingqizhiqiu.jpg,15,15,-1,-1,-1,-1,-1,-1,-1,-1,-1,-1,-1,-1,-1,-1,-1,-1,-1,775,0,1,8,-1,-1,-1,-1,-1,101213,-2,-1
10012015,黯灭卷轴碎片,FFFFFF,重量15.,z_anmie.jpg,16,15,-1,-1,-1,-1,-1,-1,-1,-1,-1,-1,-1,-1,-1,-1,-1,-1,-1,775,0,1,8,-1,-1,-1,-1,-1,102004,-2,-1
10012016,古之忍耐姜歌卷轴碎片,FFFFFF,重量15.,z_guzhirennaijiangge.jpg,17,15,-1,-1,-1,-1,-1,-1,-1,-1,-1,-1,-1,-1,-1,-1,-1,-1,-1,775,0,1,8,-1,-1,-1,-1,-1,100805,-2,-1
10012017,黑皇杖卷轴碎片,FFFFFF,重量15.,z_heihuang.jpg,18,15,-1,-1,-1,-1,-1,-1,-1,-1,-1,-1,-1,-1,-1,-1,-1,-1,-1,775,0,1,8,-1,-1,-1,-1,-1,102005,-2,-1
10012018,红杖卷轴碎片,FFFFFF,重量15.,z_hongzhang.jpg,19,15,-1,-1,-1,-1,-1,-1,-1,-1,-1,-1,-1,-1,-1,-1,-1,-1,-1,775,0,1,8,-1,-1,-1,-1,-1,101307,-2,-1
10012019,卡嘉之洞察长笛卷轴碎片,FFFFFF,重量15.,z_dizi.jpg,20,15,-1,-1,-1,-1,-1,-1,-1,-1,-1,-1,-1,-1,-1,-1,-1,-1,-1,775,0,1,8,-1,-1,-1,-1,-1,100909,-2,-1
10012020,梅肯斯姆卷轴碎片,FFFFFF,重量15.,z_meikensimu.jpg,21,15,-1,-1,-1,-1,-1,-1,-1,-1,-1,-1,-1,-1,-1,-1,-1,-1,-1,775,0,1,8,-1,-1,-1,-1,-1,100809,-2,-1
10012021,散华卷轴碎片,FFFFFF,重量15.,z_sanhua.jpg,22,15,-1,-1,-1,-1,-1,-1,-1,-1,-1,-1,-1,-1,-1,-1,-1,-1,-1,775,0,1,8,-1,-1,-1,-1,-1,101505,-2,-1
10012022,散失之刃卷轴碎片,FFFFFF,重量15.,z_sanshi.jpg,23,15,-1,-1,-1,-1,-1,-1,-1,-1,-1,-1,-1,-1,-1,-1,-1,-1,-1,775,0,1,8,-1,-1,-1,-1,-1,101713,-2,-1
10012023,水晶剑卷轴碎片,FFFFFF,重量15.,z_shuijingjian.jpg,24,15,-1,-1,-1,-1,-1,-1,-1,-1,-1,-1,-1,-1,-1,-1,-1,-1,-1,775,0,1,8,-1,-1,-1,-1,-1,101612,-2,-1
10012024,死灵书卷轴碎片,FFFFFF,重量15.,z_silingshu.jpg,25,15,-1,-1,-1,-1,-1,-1,-1,-1,-1,-1,-1,-1,-1,-1,-1,-1,-1,775,0,1,8,-1,-1,-1,-1,-1,101311,-2,-1
10012025,碎骨锤卷轴碎片,FFFFFF,重量15.,z_suiguchui.jpg,26,15,-1,-1,-1,-1,-1,-1,-1,-1,-1,-1,-1,-1,-1,-1,-1,-1,-1,775,0,1,8,-1,-1,-1,-1,-1,101904,-2,-1
10012026,漩涡卷轴碎片,FFFFFF,重量15.,z_leicui.jpg,27,15,-1,-1,-1,-1,-1,-1,-1,-1,-1,-1,-1,-1,-1,-1,-1,-1,-1,775,0,1,8,-1,-1,-1,-1,-1,101905,-2,-1
10012027,夜叉卷轴碎片,FFFFFF,重量15.,z_yecha.jpg,28,15,-1,-1,-1,-1,-1,-1,-1,-1,-1,-1,-1,-1,-1,-1,-1,-1,-1,775,0,1,8,-1,-1,-1,-1,-1,101509,-2,-1
10012028,紫怨卷轴碎片,FFFFFF,重量15.,z_ziyuan.jpg,29,15,-1,-1,-1,-1,-1,-1,-1,-1,-1,-1,-1,-1,-1,-1,-1,-1,-1,775,0,1,8,-1,-1,-1,-1,-1,101112,-2,-1
10012029,纷争面纱卷轴碎片,FFFFFF,重量15.,z_fenzhengmiansha.jpg,30,15,-1,-1,-1,-1,-1,-1,-1,-1,-1,-1,-1,-1,-1,-1,-1,-1,-1,775,0,1,8,-1,-1,-1,-1,-1,100906,-2,-1
10012030,神秘法杖碎片,FFFFFF,重量15.,z_shenmifazhang.jpg,1,15,-1,-1,-1,-1,-1,-1,-1,-1,-1,-1,-1,-1,-1,-1,-1,-1,-1,775,0,1,8,-1,-1,-1,-1,-1,-1,-2,-1
10012031,极限法球碎片,FFFFFF,重量15.,z_jixianfaqiu.jpg,1,15,-1,-1,-1,-1,-1,-1,-1,-1,-1,-1,-1,-1,-1,-1,-1,-1,-1,775,0,1,8,-1,-1,-1,-1,-1,-1,-2,-1
10012032,振奋宝石碎片,FFFFFF,重量15.,z_zhenfenbaoshi.jpg,1,15,-1,-1,-1,-1,-1,-1,-1,-1,-1,-1,-1,-1,-1,-1,-1,-1,-1,775,0,1,8,-1,-1,-1,-1,-1,-1,-2,-1
10012033,板甲碎片,FFFFFF,重量15.,z_banjia.jpg,1,15,-1,-1,-1,-1,-1,-1,-1,-1,-1,-1,-1,-1,-1,-1,-1,-1,-1,775,0,1,8,-1,-1,-1,-1,-1,-1,-2,-1
10012034,强袭装甲卷轴碎片,FFFFFF,重量15.,z_qiangxi.jpg,1,15,-1,-1,-1,-1,-1,-1,-1,-1,-1,-1,-1,-1,-1,-1,-1,-1,-1,775,0,1,8,-1,-1,-1,-1,-1,-1,-2,-1
10012035,希梅斯特的掠夺碎片,FFFFFF,重量15.,z_meisaisidelueduo.jpg,1,15,-1,-1,-1,-1,-1,-1,-1,-1,-1,-1,-1,-1,-1,-1,-1,-1,-1,775,0,1,8,-1,-1,-1,-1,-1,-1,-2,-1
10012036,魔龙之心卷轴碎片,FFFFFF,重量15.,z_molongzhixin.jpg,1,15,-1,-1,-1,-1,-1,-1,-1,-1,-1,-1,-1,-1,-1,-1,-1,-1,-1,775,0,1,8,-1,-1,-1,-1,-1,-1,-2,-1
10012037,西瓦的守护卷轴碎片,FFFFFF,重量15.,z_xiwa.jpg,1,15,-1,-1,-1,-1,-1,-1,-1,-1,-1,-1,-1,-1,-1,-1,-1,-1,-1,775,0,1,8,-1,-1,-1,-1,-1,-1,-2,-1
10012038,幻影斧卷轴碎片,FFFFFF,重量15.,z_huanyingfu.jpg,1,15,-1,-1,-1,-1,-1,-1,-1,-1,-1,-1,-1,-1,-1,-1,-1,-1,-1,775,0,1,8,-1,-1,-1,-1,-1,-1,-2,-1
10012039,撒旦之邪力卷轴碎片,FFFFFF,重量15.,z_sadanzhixieli.jpg,1,15,-1,-1,-1,-1,-1,-1,-1,-1,-1,-1,-1,-1,-1,-1,-1,-1,-1,775,0,1,8,-1,-1,-1,-1,-1,-1,-2,-1
10012040,雷神之锤卷轴碎片,FFFFFF,重量15.,z_dadiancui.jpg,1,15,-1,-1,-1,-1,-1,-1,-1,-1,-1,-1,-1,-1,-1,-1,-1,-1,-1,775,0,1,8,-1,-1,-1,-1,-1,-1,-2,-1
10012041,淬毒之珠碎片,FFFFFF,重量15.,z_cuiduzhizhu.jpg,1,15,-1,-1,-1,-1,-1,-1,-1,-1,-1,-1,-1,-1,-1,-1,-1,-1,-1,775,0,1,8,-1,-1,-1,-1,-1,-1,-2,-1
10012042,恶魔刀锋碎片,FFFFFF,重量15.,z_emodaofeng.jpg,1,15,-1,-1,-1,-1,-1,-1,-1,-1,-1,-1,-1,-1,-1,-1,-1,-1,-1,775,0,1,8,-1,-1,-1,-1,-1,-1,-2,-1
10012043,圣者遗物碎片,FFFFFF,重量15.,z_shengzheyiwu.jpg,1,15,-1,-1,-1,-1,-1,-1,-1,-1,-1,-1,-1,-1,-1,-1,-1,-1,-1,775,0,1,8,-1,-1,-1,-1,-1,-1,-2,-1
10012044,辉耀卷轴碎片,FFFFFF,重量15.,z_huiyao.jpg,1,15,-1,-1,-1,-1,-1,-1,-1,-1,-1,-1,-1,-1,-1,-1,-1,-1,-1,775,0,1,8,-1,-1,-1,-1,-1,-1,-2,-1
10012045,闪避护符碎片,FFFFFF,重量15.,z_shanbihufu.jpg,1,15,-1,-1,-1,-1,-1,-1,-1,-1,-1,-1,-1,-1,-1,-1,-1,-1,-1,775,0,1,8,-1,-1,-1,-1,-1,-1,-2,-1
10012046,鹰角弓碎片,FFFFFF,重量15.,z_yingjiaogong.jpg,1,15,-1,-1,-1,-1,-1,-1,-1,-1,-1,-1,-1,-1,-1,-1,-1,-1,-1,775,0,1,8,-1,-1,-1,-1,-1,-1,-2,-1
10012047,奥术之尘,FFFFFF,将装备升到二级的必需品，从零单排及后期副本掉落,z_aoshuzhichen.jpg,1,1,-1,-1,-1,-1,-1,-1,-1,-1,-1,-1,-1,-1,-1,-1,-1,-1,-1,775,0,1,8,-1,-1,-1,-1,-1,-1,-4,-1
10012048,烈焰之晶,FFFFFF,将装备升到三级的必需品，从零单排及后期副本掉落,z_lieyanzhijing.jpg,1,1,-1,-1,-1,-1,-1,-1,-1,-1,-1,-1,-1,-1,-1,-1,-1,-1,-1,775,0,1,8,-1,-1,-1,-1,-1,-1,-4,-1
10012049,海怒之沙,FFFFFF,将装备升到四级的必需品，从零单排及后期副本掉落,z_nuhaizhisha.jpg,1,1,-1,-1,-1,-1,-1,-1,-1,-1,-1,-1,-1,-1,-1,-1,-1,-1,-1,775,0,1,8,-1,-1,-1,-1,-1,-1,-4,-1
10012050,银月之辉,FFFFFF,将装备升到五级的必需品，从零单排及后期副本掉落,z_yinyuezhihui.jpg,1,1,-1,-1,-1,-1,-1,-1,-1,-1,-1,-1,-1,-1,-1,-1,-1,-1,-1,775,0,1,8,-1,-1,-1,-1,-1,-1,-4,-1
10012051,升6级材料,FFFFFF,将装备升到六级的必需品，从零单排及后期副本掉落,z_yinyuezhihui.jpg,1,1,-1,-1,-1,-1,-1,-1,-1,-1,-1,-1,-1,-1,-1,-1,-1,-1,-1,775,0,1,8,-1,-1,-1,-1,-1,-1,-4,-1
10012052,升7级材料,FFFFFF,将装备升到七级的必需品，从零单排及后期副本掉落,z_yinyuezhihui.jpg,1,1,-1,-1,-1,-1,-1,-1,-1,-1,-1,-1,-1,-1,-1,-1,-1,-1,-1,775,0,1,8,-1,-1,-1,-1,-1,-1,-4,-1
10012053,升8级材料,FFFFFF,将装备升到八级的必需品，从零单排及后期副本掉落,z_yinyuezhihui.jpg,1,1,-1,-1,-1,-1,-1,-1,-1,-1,-1,-1,-1,-1,-1,-1,-1,-1,-1,775,0,1,8,-1,-1,-1,-1,-1,-1,-4,-1
10012054,升9级材料,FFFFFF,将装备升到九级的必需品，从零单排及后期副本掉落,z_yinyuezhihui.jpg,1,1,-1,-1,-1,-1,-1,-1,-1,-1,-1,-1,-1,-1,-1,-1,-1,-1,-1,775,0,1,8,-1,-1,-1,-1,-1,-1,-4,-1
10012055,升10级材料,FFFFFF,将装备升到十级的必需品，从零单排及后期副本掉落,z_yinyuezhihui.jpg,1,1,-1,-1,-1,-1,-1,-1,-1,-1,-1,-1,-1,-1,-1,-1,-1,-1,-1,775,0,1,8,-1,-1,-1,-1,-1,-1,-4,-1
10013001,梅肯斯姆2级,FFFFFF,增加己方全体375点生命上限，该效果不可叠加。重量150.,z_meikensimu.jpg,1,150,-1,6,57,351,88,-1,-1,-1,-1,-1,-1,-1,-1,0,108402,-1,-1,2306,0,30,9,-1,-1,-1,-1,1345,-1,2,1
10013002,秘法鞋2级,FFFFFF,被动增加己方全体魔法值上限405，该效果不可叠加。重量79.,z_mifaxie.jpg,1,79,-1,0,0,0,338,3,3,-1,-1,-1,-1,-1,-1,0,108502,-1,-1,1450,0,20,9,-1,-1,-1,-1,1346,-1,2,1
10013003,古之忍耐姜歌2级,FFFFFF,为己方所有单位增加1的攻击速度，该效果不可叠加。重量120.,z_guzhirennaijiangge.jpg,1,120,-1,35,12,308,158,3,1,-1,-1,-1,-1,-1,-1,0,108702,-1,-1,1726,0,23,9,-1,-1,-1,-1,1347,-1,2,1
10013004,羊刀2级,FFFFFF,将敌方单位变成青蛙，持续6回合。重量744.,z_yangdao.jpg,1,744,-1,46,15,380,989,-1,-1,-1,-1,-1,-1,-1,-1,1,108902,35,10000,5675,0,68,9,-1,-1,-1,-1,1348,-1,2,1
10013005,紫怨2级,FFFFFF,使敌方单体在20回合内减少魔法伤害减免25%。重量207.,z_ziyuan.jpg,1,207,-1,64,0,0,576,-1,-1,-1,-1,-1,-1,-1,-1,1,109002,25,10000,4125,0,50,9,-1,-1,-1,-1,1349,-1,2,1
10013006,红杖2级,FFFFFF,对敌方单体使用能量冲击造成600点魔法伤害。重量197.,z_hongzhang.jpg,1,197,-1,35,4,103,263,-1,-1,-1,-1,-1,-1,-1,-1,1,109102,40,10000,2780,0,35,9,-1,-1,-1,-1,1350,-1,2,1
10013007,死灵书2级,FFFFFF,召唤死灵减少敌方单体目标300点法力值和生命值。重量197.,z_silingshu.jpg,1,197,-1,23,0,205,263,-1,-1,-1,-1,-1,-1,-1,-1,1,109202,80,10000,2700,0,34,9,-1,-1,-1,-1,1351,-1,2,1
10013008,纷争面纱2级,FFFFFF,减少敌方全体15%魔法伤害减免，持续20回合。重量207.,z_fenzhengmiansha.jpg,1,207,-1,14,8,270,211,-1,-1,-1,-1,-1,-1,-1,-1,1,109302,30,10000,3100,0,39,9,-1,-1,-1,-1,1352,-1,2,1
10013009,强袭装甲2级,FFFFFF,减少敌方物理防御50点和物理免疫15点，不可叠加。重量696.,z_qiangxi.jpg,1,696,-1,0,113,0,0,3,4,-1,-1,-1,-1,-1,-1,0,109502,-1,-1,5350,0,64,9,-1,-1,-1,-1,1353,-1,2,1
10013010,魔龙之心2级,FFFFFF,重量696.,z_molongzhixin.jpg,1,696,-1,52,0,2120,0,-1,-1,-1,-1,-1,-1,-1,-1,-1,-1,-1,-1,5500,0,66,8,-1,-1,-1,-1,1354,-1,2,1
10013011,西瓦的守护2级,FFFFFF,对敌方全体使用极寒冲击，造成500点魔法伤害。重量672.,z_xiwa.jpg,1,672,-1,39,113,0,585,-1,-1,-1,-1,-1,-1,-1,-1,1,109702,30,10000,4700,0,57,9,-1,-1,-1,-1,1355,-1,2,1
10013012,血精石2级,FFFFFF,重量400.,z_xuejingshi.jpg,1,400,-1,0,0,1305,724,-1,-1,-1,-1,-1,-1,-1,-1,-1,-1,-1,-1,5050,0,61,9,-1,-1,-1,-1,1356,-1,2,1
10013013,幻影斧2级,FFFFFF,对敌方单体造成物理攻击3倍再附加200的伤害。重量672.,z_huanyingfu.jpg,1,672,-1,60,39,380,195,3,3,-1,-1,-1,-1,-1,-1,1,109802,35,10000,5050,0,61,9,-1,-1,-1,-1,1357,-1,2,1
10013014,撒旦之邪力2级,FFFFFF,主动使用不洁狂热使自身恢复750点生命值。重量744.,z_sadanzhixieli.jpg,1,744,-1,59,38,950,0,-1,-1,-1,-1,-1,-1,-1,-1,1,110002,35,10000,6150,0,73,9,-1,-1,-1,-1,1358,-1,2,1
10013015,雷神之锤2级,FFFFFF,连环闪电使敌方全体受到300点魔法伤害。重量696.,z_dadiancui.jpg,1,696,-1,31,0,0,0,3,9,-1,-1,-1,-1,-1,-1,1,110102,30,10000,5500,0,66,9,-1,-1,-1,-1,1359,-1,2,1
10013016,斯嘉蒂之眼2级,FFFFFF,霜冻使敌方单体减少速度20%，持续3回合。重量744.,z_bingyan.jpg,1,744,-1,98,113,1450,863,-1,-1,-1,-1,-1,-1,-1,-1,1,110202,0,10000,5850,0,70,9,-1,-1,-1,-1,1360,-1,2,1
10013017,黯灭2级,FFFFFF,减少单体物理防御60点物理免疫30点，持续15回合。重量207.,z_anmie.jpg,1,207,-1,70,0,0,0,-1,-1,-1,-1,-1,-1,-1,-1,1,110602,0,10000,4100,0,50,9,-1,-1,-1,-1,1361,-1,2,1
10013018,散失之刃2级,FFFFFF,使敌方目标受到150点伤害，并减少150点魔法值。重量207.,z_sanshi.jpg,1,207,-1,26,30,0,105,-1,-1,-1,-1,-1,-1,-1,-1,1,110702,0,10000,3300,0,41,9,-1,-1,-1,-1,1362,-1,2,1
10013019,天堂之戟2级,FFFFFF,使目标残废，削弱其攻击速度20%，持续3回合。重量332.,z_tiantangzhiji.jpg,1,332,-1,47,0,684,0,7,30,-1,-1,-1,-1,-1,-1,1,110802,0,1500,3950,0,48,9,-1,-1,-1,-1,1363,-1,2,1
10013020,圣剑2级,FFFFFF,重量1080.,z_shengjian.jpg,1,1080,-1,325,0,0,0,-1,-1,-1,-1,-1,-1,-1,-1,-1,-1,-1,-1,6200,0,117,8,-1,-1,-1,-1,1364,-1,2,1
10013021,金箍棒2级,FFFFFF,猛击对方单体目标使其受到450点伤害。重量696.,z_jingubang.jpg,1,696,-1,104,0,0,0,6,100,-1,-1,-1,-1,-1,-1,1,110902,0,3500,5400,0,65,9,-1,-1,-1,-1,1365,-1,2,1
10013022,辉耀2级,FFFFFF,使敌方全体受到每2回合120点的持续伤害，不可叠加。重量240.,z_huiyao.jpg,1,240,-1,78,0,0,0,-1,-1,-1,-1,-1,-1,-1,-1,0,111002,-1,-1,5150,0,62,9,-1,-1,-1,-1,1366,-1,2,1
10013023,蝴蝶2级,FFFFFF,重量744.,z_hudie.jpg,1,744,-1,78,45,0,0,3,7,7,35,-1,-1,-1,-1,-1,-1,-1,-1,6000,0,72,9,-1,-1,-1,-1,1367,-1,2,1
10013024,大炮2级,FFFFFF,重量744.,z_dapao.jpg,1,744,-1,105,0,0,0,8,25,14,250,-1,-1,-1,-1,-1,-1,-1,-1,5600,0,67,9,-1,-1,-1,-1,1368,-1,2,1
10013025,狂战斧2级,FFFFFF,溅射使敌方目标周围受到自身攻击55%伤害。重量207.,z_kuangzhan.jpg,1,207,-1,76,0,270,138,-1,-1,-1,-1,-1,-1,-1,-1,1,111202,0,10000,4350,0,53,9,-1,-1,-1,-1,1369,-1,2,1
10013026,深渊之刃2级,FFFFFF,主动使用压服使敌方单体目标眩晕4回合。重量744.,z_shenyuanzhiren.jpg,1,744,-1,143,0,380,0,-1,-1,-1,-1,-1,-1,-1,-1,1,111302,60,10000,6750,0,80,9,-1,-1,-1,-1,1370,-1,2,1
10013027,梅肯斯姆3级,FFFFFF,增加己方全体560点生命上限，该效果不可叠加。重量180.,z_meikensimu.jpg,1,180,-1,7,77,632,119,-1,-1,-1,-1,-1,-1,-1,-1,0,108403,-1,-1,2306,0,34,9,-1,-1,-1,-1,1371,-1,3,1
10013028,秘法鞋3级,FFFFFF,被动增加己方全体魔法值上限600，该效果不可叠加。重量94.,z_mifaxie.jpg,1,94,-1,0,0,0,456,3,3,-1,-1,-1,-1,-1,-1,0,108503,-1,-1,1450,0,22,9,-1,-1,-1,-1,1372,-1,3,1
10013029,古之忍耐姜歌3级,FFFFFF,为己方所有单位增加1的攻击速度，该效果不可叠加。重量144.,z_guzhirennaijiangge.jpg,1,144,-1,41,16,554,213,3,1,-1,-1,-1,-1,-1,-1,0,108703,-1,-1,1726,0,26,9,-1,-1,-1,-1,1373,-1,3,1
10013030,羊刀3级,FFFFFF,将敌方单位变成青蛙，持续7回合。重量892.,z_yangdao.jpg,1,892,-1,60,23,760,1484,-1,-1,-1,-1,-1,-1,-1,-1,1,108903,35,10000,5675,0,78,9,-1,-1,-1,-1,1374,-1,3,1
10013031,紫怨3级,FFFFFF,使敌方单体在20回合内减少魔法伤害减免30%。重量248.,z_ziyuan.jpg,1,248,-1,75,0,0,778,-1,-1,-1,-1,-1,-1,-1,-1,1,109003,25,10000,4125,0,57,9,-1,-1,-1,-1,1375,-1,3,1
10013032,红杖3级,FFFFFF,对敌方单体使用能量冲击造成900点魔法伤害。重量236.,z_hongzhang.jpg,1,236,-1,41,5,185,355,-1,-1,-1,-1,-1,-1,-1,-1,1,109103,40,10000,2780,0,40,9,-1,-1,-1,-1,1376,-1,3,1
10013033,死灵书3级,FFFFFF,召唤死灵减少敌方单体目标400点法力值和生命值。重量236.,z_silingshu.jpg,1,236,-1,27,0,369,355,-1,-1,-1,-1,-1,-1,-1,-1,1,109203,80,10000,2700,0,39,9,-1,-1,-1,-1,1377,-1,3,1
10013034,纷争面纱3级,FFFFFF,减少敌方全体20%魔法伤害减免，持续20回合。重量248.,z_fenzhengmiansha.jpg,1,248,-1,16,11,486,285,-1,-1,-1,-1,-1,-1,-1,-1,1,109303,30,10000,3100,0,44,9,-1,-1,-1,-1,1378,-1,3,1
10013035,强袭装甲3级,FFFFFF,减少敌方物理防御100点和物理免疫15点，不可叠加。重量835.,z_qiangxi.jpg,1,835,-1,0,170,0,0,3,5,-1,-1,-1,-1,-1,-1,0,109503,-1,-1,5350,0,73,9,-1,-1,-1,-1,1379,-1,3,1
10013036,魔龙之心3级,FFFFFF,重量835.,z_molongzhixin.jpg,1,835,-1,68,0,4240,0,-1,-1,-1,-1,-1,-1,-1,-1,-1,-1,-1,-1,5500,0,75,8,-1,-1,-1,-1,1380,-1,3,1
10013037,西瓦的守护3级,FFFFFF,对敌方全体使用极寒冲击，造成600点魔法伤害。重量806.,z_xiwa.jpg,1,806,-1,51,170,0,878,-1,-1,-1,-1,-1,-1,-1,-1,1,109703,30,10000,4700,0,65,9,-1,-1,-1,-1,1381,-1,3,1
10013038,血精石3级,FFFFFF,重量447.,z_xuejingshi.jpg,1,447,-1,0,0,2349,977,-1,-1,-1,-1,-1,-1,-1,-1,-1,-1,-1,-1,5050,0,69,9,-1,-1,-1,-1,1382,-1,3,1
10013039,幻影斧3级,FFFFFF,对敌方单体造成物理攻击3倍再附加300的伤害。重量806.,z_huanyingfu.jpg,1,806,-1,78,59,760,293,3,3,-1,-1,-1,-1,-1,-1,1,109803,35,10000,5050,0,69,9,-1,-1,-1,-1,1383,-1,3,1
10013040,撒旦之邪力3级,FFFFFF,主动使用不洁狂热使自身恢复1000点生命值。重量892.,z_sadanzhixieli.jpg,1,892,-1,77,57,1900,0,-1,-1,-1,-1,-1,-1,-1,-1,1,110003,35,10000,6150,0,83,9,-1,-1,-1,-1,1384,-1,3,1
10013041,雷神之锤3级,FFFFFF,连环闪电使敌方全体受到400点魔法伤害。重量835.,z_dadiancui.jpg,1,835,-1,40,0,0,0,3,10,-1,-1,-1,-1,-1,-1,1,110103,30,10000,5500,0,75,9,-1,-1,-1,-1,1385,-1,3,1
10013042,斯嘉蒂之眼3级,FFFFFF,霜冻使敌方单体减少速度20%，持续3回合。重量892.,z_bingyan.jpg,1,892,-1,127,170,2900,1295,-1,-1,-1,-1,-1,-1,-1,-1,1,110203,0,10000,5850,0,79,9,-1,-1,-1,-1,1386,-1,3,1
10013043,黯灭3级,FFFFFF,减少单体物理防御120点物理免疫30点，持续15回合。重量248.,z_anmie.jpg,1,248,-1,82,0,0,0,-1,-1,-1,-1,-1,-1,-1,-1,1,110603,0,10000,4100,0,57,9,-1,-1,-1,-1,1387,-1,3,1
10013044,散失之刃3级,FFFFFF,使敌方目标受到250点伤害，并减少250点魔法值。重量248.,z_sanshi.jpg,1,248,-1,30,41,0,142,-1,-1,-1,-1,-1,-1,-1,-1,1,110703,0,10000,3300,0,47,9,-1,-1,-1,-1,1388,-1,3,1
10013045,天堂之戟3级,FFFFFF,使目标残废，削弱其攻击速度20%，持续3回合。重量398.,z_tiantangzhiji.jpg,1,398,-1,55,0,1231,0,7,35,-1,-1,-1,-1,-1,-1,1,110803,0,1500,3950,0,55,9,-1,-1,-1,-1,1389,-1,3,1
10013046,圣剑3级,FFFFFF,重量1296.,z_shengjian.jpg,1,1296,-1,423,0,0,0,-1,-1,-1,-1,-1,-1,-1,-1,-1,-1,-1,-1,6200,0,134,8,-1,-1,-1,-1,1390,-1,3,1
10013047,金箍棒3级,FFFFFF,猛击对方单体目标使其受到600点伤害。重量835.,z_jingubang.jpg,1,835,-1,135,0,0,0,6,100,-1,-1,-1,-1,-1,-1,1,110903,0,3500,5400,0,74,9,-1,-1,-1,-1,1391,-1,3,1
10013048,辉耀3级,FFFFFF,使敌方全体受到每2回合160点的持续伤害，不可叠加。重量288.,z_huiyao.jpg,1,288,-1,101,0,0,0,-1,-1,-1,-1,-1,-1,-1,-1,0,111003,-1,-1,5150,0,70,9,-1,-1,-1,-1,1392,-1,3,1
10013049,蝴蝶3级,FFFFFF,重量892.,z_hudie.jpg,1,892,-1,101,68,0,0,3,8,7,40,-1,-1,-1,-1,-1,-1,-1,-1,6000,0,82,9,-1,-1,-1,-1,1393,-1,3,1
10013050,大炮3级,FFFFFF,重量892.,z_dapao.jpg,1,892,-1,137,0,0,0,8,25,14,260,-1,-1,-1,-1,-1,-1,-1,-1,5600,0,76,9,-1,-1,-1,-1,1394,-1,3,1
10013051,狂战斧3级,FFFFFF,溅射使敌方目标周围受到自身攻击60%伤害。重量248.,z_kuangzhan.jpg,1,248,-1,89,0,486,186,-1,-1,-1,-1,-1,-1,-1,-1,1,111203,0,10000,4350,0,60,9,-1,-1,-1,-1,1395,-1,3,1
10013052,深渊之刃3级,FFFFFF,主动使用压服使敌方单体目标眩晕5回合。重量892.,z_shenyuanzhiren.jpg,1,892,-1,186,0,760,0,-1,-1,-1,-1,-1,-1,-1,-1,1,111303,60,10000,6750,0,91,9,-1,-1,-1,-1,1396,-1,3,1
10013053,梅肯斯姆4级,FFFFFF,增加己方全体800点生命上限，该效果不可叠加。重量215.,z_meikensimu.jpg,1,215,-1,8,104,1138,161,-1,-1,-1,-1,-1,-1,-1,-1,0,108404,-1,-1,2306,0,38,9,-1,-1,-1,-1,1397,-1,4,1
10013054,秘法鞋4级,FFFFFF,被动增加己方全体魔法值上限900，该效果不可叠加。重量112.,z_mifaxie.jpg,1,112,-1,0,0,0,616,3,3,-1,-1,-1,-1,-1,-1,0,108504,-1,-1,1450,0,25,9,-1,-1,-1,-1,1398,-1,4,1
10013055,古之忍耐姜歌4级,FFFFFF,为己方所有单位增加1的攻击速度，该效果不可叠加。重量172.,z_guzhirennaijiangge.jpg,1,172,-1,48,22,997,288,3,1,-1,-1,-1,-1,-1,-1,0,108704,-1,-1,1726,0,30,9,-1,-1,-1,-1,1399,-1,4,1
10013056,羊刀4级,FFFFFF,将敌方单位变成青蛙，持续8回合。重量1070.,z_yangdao.jpg,1,1070,-1,78,35,1520,2226,-1,-1,-1,-1,-1,-1,-1,-1,1,108904,35,10000,5675,0,88,9,-1,-1,-1,-1,1400,-1,4,1
10013057,紫怨4级,FFFFFF,使敌方单体在20回合内减少魔法伤害减免35%。重量297.,z_ziyuan.jpg,1,297,-1,88,0,0,1050,-1,-1,-1,-1,-1,-1,-1,-1,1,109004,25,10000,4125,0,65,9,-1,-1,-1,-1,1401,-1,4,1
10013058,红杖4级,FFFFFF,对敌方单体使用能量冲击造成1200点魔法伤害。重量283.,z_hongzhang.jpg,1,283,-1,48,7,333,479,-1,-1,-1,-1,-1,-1,-1,-1,1,109104,40,10000,2780,0,45,9,-1,-1,-1,-1,1402,-1,4,1
10013059,死灵书4级,FFFFFF,召唤死灵减少敌方单体目标600点法力值和生命值。重量283.,z_silingshu.jpg,1,283,-1,32,0,664,479,-1,-1,-1,-1,-1,-1,-1,-1,1,109204,80,10000,2700,0,44,9,-1,-1,-1,-1,1403,-1,4,1
10013060,纷争面纱4级,FFFFFF,减少敌方全体25%魔法伤害减免，持续20回合。重量297.,z_fenzhengmiansha.jpg,1,297,-1,19,15,875,385,-1,-1,-1,-1,-1,-1,-1,-1,1,109304,30,10000,3100,0,50,9,-1,-1,-1,-1,1404,-1,4,1
10013061,强袭装甲4级,FFFFFF,减少敌方物理防御150点和物理免疫15点，不可叠加。重量1002.,z_qiangxi.jpg,1,1002,-1,0,255,0,0,3,6,-1,-1,-1,-1,-1,-1,0,109504,-1,-1,5350,0,83,9,-1,-1,-1,-1,1405,-1,4,1
10013062,魔龙之心4级,FFFFFF,重量1002.,z_molongzhixin.jpg,1,1002,-1,88,0,8480,0,-1,-1,-1,-1,-1,-1,-1,-1,-1,-1,-1,-1,5500,0,85,8,-1,-1,-1,-1,1406,-1,4,1
10013063,西瓦的守护4级,FFFFFF,对敌方全体使用极寒冲击，造成700点魔法伤害。重量967.,z_xiwa.jpg,1,967,-1,66,255,0,1317,-1,-1,-1,-1,-1,-1,-1,-1,1,109704,30,10000,4700,0,74,9,-1,-1,-1,-1,1407,-1,4,1
10013064,血精石4级,FFFFFF,重量536.,z_xuejingshi.jpg,1,536,-1,0,0,4228,1319,-1,-1,-1,-1,-1,-1,-1,-1,-1,-1,-1,-1,5050,0,79,9,-1,-1,-1,-1,1408,-1,4,1
10013065,幻影斧4级,FFFFFF,对敌方单体造成物理攻击3倍再附加400的伤害。重量967.,z_huanyingfu.jpg,1,967,-1,101,89,1520,440,3,3,-1,-1,-1,-1,-1,-1,1,109804,35,10000,5050,0,79,9,-1,-1,-1,-1,1409,-1,4,1
10013066,撒旦之邪力4级,FFFFFF,主动使用不洁狂热使自身恢复1300点生命值。重量1070.,z_sadanzhixieli.jpg,1,1070,-1,100,86,3800,0,-1,-1,-1,-1,-1,-1,-1,-1,1,110004,35,10000,6150,0,95,9,-1,-1,-1,-1,1410,-1,4,1
10013067,雷神之锤4级,FFFFFF,连环闪电使敌方全体受到500点魔法伤害。重量1002.,z_dadiancui.jpg,1,1002,-1,52,0,0,0,3,11,-1,-1,-1,-1,-1,-1,1,110104,30,10000,5500,0,85,9,-1,-1,-1,-1,1411,-1,4,1
10013068,斯嘉蒂之眼4级,FFFFFF,霜冻使敌方单体减少速度20%，持续3回合。重量1070.,z_bingyan.jpg,1,1070,-1,165,255,5800,1943,-1,-1,-1,-1,-1,-1,-1,-1,1,110204,0,10000,5850,0,90,9,-1,-1,-1,-1,1412,-1,4,1
10013069,黯灭4级,FFFFFF,减少单体物理防御200点物理免疫30点，持续15回合。重量297.,z_anmie.jpg,1,297,-1,96,0,0,0,-1,-1,-1,-1,-1,-1,-1,-1,1,110604,0,10000,4100,0,65,9,-1,-1,-1,-1,1413,-1,4,1
10013070,散失之刃4级,FFFFFF,使敌方目标受到375点伤害，并减少375点魔法值。重量297.,z_sanshi.jpg,1,297,-1,35,55,0,192,-1,-1,-1,-1,-1,-1,-1,-1,1,110704,0,10000,3300,0,53,9,-1,-1,-1,-1,1414,-1,4,1
10013071,天堂之戟4级,FFFFFF,使目标残废，削弱其攻击速度20%，持续3回合。重量478.,z_tiantangzhiji.jpg,1,478,-1,64,0,2216,0,7,40,-1,-1,-1,-1,-1,-1,1,110804,0,1500,3950,0,62,9,-1,-1,-1,-1,1415,-1,4,1
10013072,圣剑4级,FFFFFF,重量1555.,z_shengjian.jpg,1,1555,-1,550,0,0,0,-1,-1,-1,-1,-1,-1,-1,-1,-1,-1,-1,-1,6200,0,152,8,-1,-1,-1,-1,1416,-1,4,1
10013073,金箍棒4级,FFFFFF,猛击对方单体目标使其受到800点伤害。重量1002.,z_jingubang.jpg,1,1002,-1,176,0,0,0,6,100,-1,-1,-1,-1,-1,-1,1,110904,0,3500,5400,0,84,9,-1,-1,-1,-1,1417,-1,4,1
10013074,辉耀4级,FFFFFF,使敌方全体受到每2回合200点的持续伤害，不可叠加。重量346.,z_huiyao.jpg,1,346,-1,131,0,0,0,-1,-1,-1,-1,-1,-1,-1,-1,0,111004,-1,-1,5150,0,80,9,-1,-1,-1,-1,1418,-1,4,1
10013075,蝴蝶4级,FFFFFF,重量1070.,z_hudie.jpg,1,1070,-1,131,102,0,0,3,9,7,45,-1,-1,-1,-1,-1,-1,-1,-1,6000,0,93,9,-1,-1,-1,-1,1419,-1,4,1
10013076,大炮4级,FFFFFF,重量1070.,z_dapao.jpg,1,1070,-1,178,0,0,0,8,25,14,270,-1,-1,-1,-1,-1,-1,-1,-1,5600,0,87,9,-1,-1,-1,-1,1420,-1,4,1
10013077,狂战斧4级,FFFFFF,溅射使敌方目标周围受到自身攻击70%伤害。重量297.,z_kuangzhan.jpg,1,297,-1,104,0,875,251,-1,-1,-1,-1,-1,-1,-1,-1,1,111204,0,10000,4350,0,68,9,-1,-1,-1,-1,1421,-1,4,1
10013078,深渊之刃4级,FFFFFF,主动使用压服使敌方单体目标眩晕6回合。重量1070.,z_shenyuanzhiren.jpg,1,1070,-1,242,0,1520,0,-1,-1,-1,-1,-1,-1,-1,-1,1,111304,60,10000,6750,0,104,9,-1,-1,-1,-1,1422,-1,4,1
10013079,梅肯斯姆5级,FFFFFF,增加己方全体1000点生命上限，该效果不可叠加。重量257.,z_meikensimu.jpg,1,257,-1,9,140,2048,217,-1,-1,-1,-1,-1,-1,-1,-1,0,108405,-1,-1,2306,0,44,9,-1,-1,-1,-1,1423,-1,5,1
10013080,秘法鞋5级,FFFFFF,被动增加己方全体魔法值上限1200，该效果不可叠加。重量134.,z_mifaxie.jpg,1,134,-1,0,0,0,832,3,3,-1,-1,-1,-1,-1,-1,0,108505,-1,-1,1450,0,29,9,-1,-1,-1,-1,1424,-1,5,1
10013081,古之忍耐姜歌5级,FFFFFF,为己方所有单位增加1的攻击速度，该效果不可叠加。重量205.,z_guzhirennaijiangge.jpg,1,205,-1,56,30,1795,389,3,1,-1,-1,-1,-1,-1,-1,0,108705,-1,-1,1726,0,34,9,-1,-1,-1,-1,1425,-1,5,1
10013082,羊刀5级,FFFFFF,将敌方单位变成青蛙，持续9回合。重量1284.,z_yangdao.jpg,1,1284,-1,101,53,3040,3339,-1,-1,-1,-1,-1,-1,-1,-1,1,108905,35,10000,5675,0,101,9,-1,-1,-1,-1,1426,-1,5,1
10013083,紫怨5级,FFFFFF,使敌方单体在20回合内减少魔法伤害减免40%。重量356.,z_ziyuan.jpg,1,356,-1,103,0,0,1418,-1,-1,-1,-1,-1,-1,-1,-1,1,109005,25,10000,4125,0,74,9,-1,-1,-1,-1,1427,-1,5,1
10013084,红杖5级,FFFFFF,对敌方单体使用能量冲击造成1600点魔法伤害。重量339.,z_hongzhang.jpg,1,339,-1,56,9,599,647,-1,-1,-1,-1,-1,-1,-1,-1,1,109105,40,10000,2780,0,52,9,-1,-1,-1,-1,1428,-1,5,1
10013085,死灵书5级,FFFFFF,召唤死灵减少敌方单体目标800点法力值和生命值。重量339.,z_silingshu.jpg,1,339,-1,37,0,1195,647,-1,-1,-1,-1,-1,-1,-1,-1,1,109205,80,10000,2700,0,50,9,-1,-1,-1,-1,1429,-1,5,1
10013086,纷争面纱5级,FFFFFF,减少敌方全体30%魔法伤害减免，持续20回合。重量356.,z_fenzhengmiansha.jpg,1,356,-1,22,20,1575,520,-1,-1,-1,-1,-1,-1,-1,-1,1,109305,30,10000,3100,0,57,9,-1,-1,-1,-1,1430,-1,5,1
10013087,强袭装甲5级,FFFFFF,减少敌方物理防御250点和物理免疫15点，不可叠加。重量1202.,z_qiangxi.jpg,1,1202,-1,0,383,0,0,3,7,-1,-1,-1,-1,-1,-1,0,109505,-1,-1,5350,0,95,9,-1,-1,-1,-1,1431,-1,5,1
10013088,魔龙之心5级,FFFFFF,重量1202.,z_molongzhixin.jpg,1,1202,-1,114,0,16960,0,-1,-1,-1,-1,-1,-1,-1,-1,-1,-1,-1,-1,5500,0,97,8,-1,-1,-1,-1,1432,-1,5,1
10013089,西瓦的守护5级,FFFFFF,对敌方全体使用极寒冲击，造成800点魔法伤害。重量1160.,z_xiwa.jpg,1,1160,-1,86,383,0,1976,-1,-1,-1,-1,-1,-1,-1,-1,1,109705,30,10000,4700,0,84,9,-1,-1,-1,-1,1433,-1,5,1
10013090,血精石5级,FFFFFF,重量642.,z_xuejingshi.jpg,1,642,-1,0,0,7610,1781,-1,-1,-1,-1,-1,-1,-1,-1,-1,-1,-1,-1,5050,0,90,9,-1,-1,-1,-1,1434,-1,5,1
10013091,幻影斧5级,FFFFFF,对敌方单体造成物理攻击3倍再附加500的伤害。重量1160.,z_huanyingfu.jpg,1,1160,-1,131,134,3040,660,3,3,-1,-1,-1,-1,-1,-1,1,109805,35,10000,5050,0,90,9,-1,-1,-1,-1,1435,-1,5,1
10013092,撒旦之邪力5级,FFFFFF,主动使用不洁狂热使自身恢复1600点生命值。重量1284.,z_sadanzhixieli.jpg,1,1284,-1,130,129,7600,0,-1,-1,-1,-1,-1,-1,-1,-1,1,110005,35,10000,6150,0,108,9,-1,-1,-1,-1,1436,-1,5,1
10013093,雷神之锤5级,FFFFFF,连环闪电使敌方全体受到600点魔法伤害。重量1202.,z_dadiancui.jpg,1,1202,-1,68,0,0,0,3,12,-1,-1,-1,-1,-1,-1,1,110105,30,10000,5500,0,97,9,-1,-1,-1,-1,1437,-1,5,1
10013094,斯嘉蒂之眼5级,FFFFFF,霜冻使敌方单体减少速度20%，持续3回合。重量1284.,z_bingyan.jpg,1,1284,-1,215,383,11600,2915,-1,-1,-1,-1,-1,-1,-1,-1,1,110205,0,10000,5850,0,103,9,-1,-1,-1,-1,1438,-1,5,1
10013095,黯灭5级,FFFFFF,减少单体物理防御300点物理免疫30点，持续15回合。重量356.,z_anmie.jpg,1,356,-1,112,0,0,0,-1,-1,-1,-1,-1,-1,-1,-1,1,110605,0,10000,4100,0,74,9,-1,-1,-1,-1,1439,-1,5,1
10013096,散失之刃5级,FFFFFF,使敌方目标受到450点伤害，并减少450点魔法值。重量356.,z_sanshi.jpg,1,356,-1,41,74,0,295,-1,-1,-1,-1,-1,-1,-1,-1,1,110705,0,10000,3300,0,60,9,-1,-1,-1,-1,1440,-1,5,1
10013097,天堂之戟5级,FFFFFF,使目标残废，削弱其攻击速度20%，持续3回合。重量572.,z_tiantangzhiji.jpg,1,572,-1,75,0,3989,0,7,45,-1,-1,-1,-1,-1,-1,1,110805,0,1500,3950,0,71,9,-1,-1,-1,-1,1441,-1,5,1
10013098,圣剑5级,FFFFFF,重量1866.,z_shengjian.jpg,1,1866,-1,715,0,0,0,-1,-1,-1,-1,-1,-1,-1,-1,-1,-1,-1,-1,6200,0,174,8,-1,-1,-1,-1,1442,-1,5,1
10013099,金箍棒5级,FFFFFF,猛击对方单体目标使其受到1000点伤害。重量1202.,z_jingubang.jpg,1,1202,-1,229,0,0,0,6,100,-1,-1,-1,-1,-1,-1,1,110905,0,3500,5400,0,96,9,-1,-1,-1,-1,1443,-1,5,1
10013100,辉耀5级,FFFFFF,使敌方全体受到每2回合240点的持续伤害，不可叠加。重量416.,z_huiyao.jpg,1,416,-1,170,0,0,0,-1,-1,-1,-1,-1,-1,-1,-1,0,111005,-1,-1,5150,0,91,9,-1,-1,-1,-1,1444,-1,5,1
10013101,蝴蝶5级,FFFFFF,重量1284.,z_hudie.jpg,1,1284,-1,170,153,0,0,3,10,7,50,-1,-1,-1,-1,-1,-1,-1,-1,6000,0,106,9,-1,-1,-1,-1,1445,-1,5,1
10013102,大炮5级,FFFFFF,重量1284.,z_dapao.jpg,1,1284,-1,231,0,0,0,8,25,14,280,-1,-1,-1,-1,-1,-1,-1,-1,5600,0,99,9,-1,-1,-1,-1,1446,-1,5,1
10013103,狂战斧5级,FFFFFF,溅射使敌方目标周围受到自身攻击80%伤害。重量356.,z_kuangzhan.jpg,1,356,-1,122,0,1575,339,-1,-1,-1,-1,-1,-1,-1,-1,1,111205,0,10000,4350,0,78,9,-1,-1,-1,-1,1447,-1,5,1
10013104,深渊之刃5级,FFFFFF,主动使用压服使敌方单体目标眩晕7回合。重量1284.,z_shenyuanzhiren.jpg,1,1284,-1,315,0,3040,0,-1,-1,-1,-1,-1,-1,-1,-1,1,111305,60,10000,6750,0,118,9,-1,-1,-1,-1,1448,-1,5,1
10013105,黑皇杖2级,FFFFFF,使自身免受50%魔法伤害，魔免上限为60。重量245.,z_heihuang.jpg,1,245,-1,40,-1,342,-1,-1,-1,-1,-1,-1,-1,-1,-1,1,109601,55,10000,3900,0,52,9,-1,-1,-1,-1,1203,-1,2,1
10013106,绿杖2级,FFFFFF,使自己受到物理伤害减少30%,物免上限为60,。重量296.,z_lvzhang.jpg,1,296,-1,27,11,266,137,-1,-1,-1,-1,-1,-1,-1,-1,0,111601,30,10000,1600,0,10,9,-1,-1,-1,-1,-1,-1,2,1
10013107,黑皇杖3级,FFFFFF,使自身免受50%魔法伤害，魔免上限为60。重量279.,z_heihuang.jpg,1,279,-1,47,-1,616,-1,-1,-1,-1,-1,-1,-1,-1,-1,1,109601,55,10000,3900,0,78,9,-1,-1,-1,-1,1203,-1,3,1
10013108,绿杖3级,FFFFFF,使自己受到物理伤害减少30%,物免上限为60,。重量338.,z_lvzhang.jpg,1,338,-1,35,17,532,206,-1,-1,-1,-1,-1,-1,-1,-1,0,111601,30,10000,1600,0,20,9,-1,-1,-1,-1,-1,-1,3,1
10013109,黑皇杖4级,FFFFFF,使自身免受50%魔法伤害，魔免上限为60。重量317.,z_heihuang.jpg,1,317,-1,55,-1,1109,-1,-1,-1,-1,-1,-1,-1,-1,-1,1,109601,55,10000,3900,0,104,9,-1,-1,-1,-1,1203,-1,4,1
10013110,绿杖4级,FFFFFF,使自己受到物理伤害减少30%,物免上限为60,。重量385.,z_lvzhang.jpg,1,385,-1,46,26,1064,309,-1,-1,-1,-1,-1,-1,-1,-1,0,111601,30,10000,1600,0,30,9,-1,-1,-1,-1,-1,-1,4,1
10013111,黑皇杖5级,FFFFFF,使自身免受50%魔法伤害，魔免上限为60。重量361.,z_heihuang.jpg,1,361,-1,64,-1,1996,-1,-1,-1,-1,-1,-1,-1,-1,-1,1,109601,55,10000,3900,0,130,9,-1,-1,-1,-1,1203,-1,5,1
10013112,绿杖5级,FFFFFF,使自己受到物理伤害减少30%,物免上限为60,。重量439.,z_lvzhang.jpg,1,439,-1,60,39,2128,464,-1,-1,-1,-1,-1,-1,-1,-1,0,111601,30,10000,1600,0,40,9,-1,-1,-1,-1,-1,-1,5,1
10013113,散夜对剑2级,FFFFFF,使目标残废，削弱其攻击速度30%，持续3回合。重量207.,z_duijian.jpg,1,207,-1,51,22,547,-1,3,3,-1,-1,-1,-1,-1,-1,1,109901,0,1500,4100,0,54,9,-1,-1,-1,-1,1474,-1,2,1
10013114,散夜对剑3级,FFFFFF,使目标残废，削弱其攻击速度30%，持续3回合。重量248.,z_duijian.jpg,1,248,-1,60,30,985,-1,3,4,-1,-1,-1,-1,-1,-1,1,109901,0,1500,4100,0,81,9,-1,-1,-1,-1,1475,-1,3,1
10013115,散夜对剑4级,FFFFFF,使目标残废，削弱其攻击速度30%，持续3回合。重量297.,z_duijian.jpg,1,297,-1,70,41,1773,-1,3,4,-1,-1,-1,-1,-1,-1,1,109901,0,1500,4100,0,108,9,-1,-1,-1,-1,1476,-1,4,1
10013116,散夜对剑5级,FFFFFF,使目标残废，削弱其攻击速度30%，持续3回合。重量356.,z_duijian.jpg,1,356,-1,82,55,3191,-1,3,5,-1,-1,-1,-1,-1,-1,1,109901,0,1500,4100,0,135,9,-1,-1,-1,-1,1477,-1,5,1
10013117,先锋盾2级,FFFFFF,物免上限为60,重量106.,z_xianfengdun.jpg,1,106,-1,-1,28,760,-1,15,10,-1,-1,-1,-1,-1,-1,-1,-1,-1,-1,2225,0,30,9,-1,-1,-1,-1,1478,-1,2,1
10013118,先锋盾3级,FFFFFF,物免上限为60,重量120.,z_xianfengdun.jpg,1,120,-1,-1,28,1444,-1,15,10,-1,-1,-1,-1,-1,-1,-1,-1,-1,-1,2225,0,45,9,-1,-1,-1,-1,1479,-1,3,1
10013119,先锋盾4级,FFFFFF,物免上限为60,重量136.,z_xianfengdun.jpg,1,136,-1,-1,28,2744,-1,15,10,-1,-1,-1,-1,-1,-1,-1,-1,-1,-1,2225,0,60,9,-1,-1,-1,-1,1480,-1,4,1
10013120,先锋盾5级,FFFFFF,物免上限为60,重量155.,z_xianfengdun.jpg,1,155,-1,-1,28,5213,-1,15,10,-1,-1,-1,-1,-1,-1,-1,-1,-1,-1,2225,0,75,9,-1,-1,-1,-1,1481,-1,5,1
10013121,卡嘉之洞察长笛2级,FFFFFF,魔免上限为60，重量197.,z_dizi.jpg,1,197,-1,-1,-1,475,-1,21,40,-1,-1,-1,-1,-1,-1,-1,-1,-1,-1,3628,0,48,9,-1,-1,-1,-1,1482,-1,2,1
10013122,卡嘉之洞察长笛3级,FFFFFF,魔免上限为60，重量224.,z_dizi.jpg,1,224,-1,-1,-1,903,-1,21,40,-1,-1,-1,-1,-1,-1,-1,-1,-1,-1,3628,0,72,9,-1,-1,-1,-1,1483,-1,3,1
10013123,卡嘉之洞察长笛4级,FFFFFF,魔免上限为60，重量255.,z_dizi.jpg,1,255,-1,-1,-1,1715,-1,21,40,-1,-1,-1,-1,-1,-1,-1,-1,-1,-1,3628,0,96,9,-1,-1,-1,-1,1484,-1,4,1
10013124,卡嘉之洞察长笛5级,FFFFFF,魔免上限为60，重量290.,z_dizi.jpg,1,290,-1,-1,-1,3258,-1,21,40,-1,-1,-1,-1,-1,-1,-1,-1,-1,-1,3628,0,120,9,-1,-1,-1,-1,1485,-1,5,1
10013125,梅肯斯姆6级,FFFFFF,增加己方全体1200点生命上限，该效果不可叠加。重量79.,z_meikensimu.jpg,1,257,-1,10,196,2560,303,-1,-1,-1,-1,-1,-1,-1,-1,0,108406,-1,-1,2306,0,1,9,-1,-1,-1,-1,1486,-1,6,1
10013126,秘法鞋6级,FFFFFF,被动增加己方全体魔法值上限1500，该效果不可叠加。重量53.,z_mifaxie.jpg,1,134,-1,0,0,0,1164,3,3,-1,-1,-1,-1,-1,-1,0,108506,-1,-1,1450,0,1,9,-1,-1,-1,-1,1487,-1,6,1
10013127,古之忍耐姜歌6级,FFFFFF,为己方所有单位增加1的攻击速度，该效果不可叠加。重量62.,z_guzhirennaijiangge.jpg,1,205,-1,67,42,2243,544,3,1,-1,-1,-1,-1,-1,-1,0,108706,-1,-1,1726,0,1,9,-1,-1,-1,-1,1488,-1,6,1
10013128,羊刀6级,FFFFFF,将敌方单位变成青蛙，持续10回合。重量181.,z_yangdao.jpg,1,1284,-1,121,74,3800,4674,-1,-1,-1,-1,-1,-1,-1,-1,1,108906,35,10000,5675,0,1,9,-1,-1,-1,-1,1489,-1,6,1
10013129,紫怨6级,FFFFFF,使敌方单体在20回合内减少魔法伤害减免50%。重量134.,z_ziyuan.jpg,1,356,-1,123,0,0,1985,-1,-1,-1,-1,-1,-1,-1,-1,1,109006,25,10000,4125,0,1,9,-1,-1,-1,-1,1490,-1,6,1
10013130,红杖6级,FFFFFF,对敌方单体使用能量冲击造成1900点魔法伤害。重量94.,z_hongzhang.jpg,1,339,-1,67,12,748,905,-1,-1,-1,-1,-1,-1,-1,-1,1,109106,40,10000,2780,0,1,9,-1,-1,-1,-1,1491,-1,6,1
10013131,死灵书6级,FFFFFF,召唤死灵减少敌方单体目标1000点法力值和生命值。重量91.,z_silingshu.jpg,1,339,-1,44,0,1493,905,-1,-1,-1,-1,-1,-1,-1,-1,1,109206,80,10000,2700,0,1,9,-1,-1,-1,-1,1492,-1,6,1
10013132,纷争面纱6级,FFFFFF,减少敌方全体35%魔法伤害减免，持续20回合。重量103.,z_fenzhengmiansha.jpg,1,356,-1,26,28,1968,728,-1,-1,-1,-1,-1,-1,-1,-1,1,109306,30,10000,3100,0,1,9,-1,-1,-1,-1,1493,-1,6,1
10013133,强袭装甲6级,FFFFFF,减少敌方物理防御350点和物理免疫15点，不可叠加。重量170.,z_qiangxi.jpg,1,1202,-1,0,536,0,0,3,7,-1,-1,-1,-1,-1,-1,0,109506,-1,-1,5350,0,1,9,-1,-1,-1,-1,1494,-1,6,1
10013134,魔龙之心6级,FFFFFF,重量175.,z_molongzhixin.jpg,1,1202,-1,136,0,21200,0,-1,-1,-1,-1,-1,-1,-1,-1,-1,-1,-1,-1,5500,0,1,8,-1,-1,-1,-1,1495,-1,6,1
10013135,西瓦的守护6级,FFFFFF,对敌方全体使用极寒冲击，造成900点魔法伤害。重量151.,z_xiwa.jpg,1,1160,-1,103,536,0,2766,-1,-1,-1,-1,-1,-1,-1,-1,1,109706,30,10000,4700,0,1,9,-1,-1,-1,-1,1496,-1,6,1
10013136,血精石6级,FFFFFF,重量161.,z_xuejingshi.jpg,1,963,-1,0,0,9512,2493,-1,-1,-1,-1,-1,-1,-1,-1,-1,-1,-1,-1,5050,0,1,9,-1,-1,-1,-1,1497,-1,6,1
10013137,幻影斧6级,FFFFFF,对敌方单体造成物理攻击3倍再附加800的伤害。重量161.,z_huanyingfu.jpg,1,1160,-1,157,187,3800,924,3,3,-1,-1,-1,-1,-1,-1,1,109806,35,10000,5050,0,1,9,-1,-1,-1,-1,1498,-1,6,1
10013138,撒旦之邪力6级,FFFFFF,主动使用不洁狂热使自身恢复1900点生命值。重量194.,z_sadanzhixieli.jpg,1,1284,-1,156,180,9500,0,-1,-1,-1,-1,-1,-1,-1,-1,1,110006,35,10000,6150,0,1,9,-1,-1,-1,-1,1499,-1,6,1
10013139,雷神之锤6级,FFFFFF,连环闪电使敌方全体受到700点魔法伤害。重量175.,z_dadiancui.jpg,1,1202,-1,81,0,0,0,3,12,-1,-1,-1,-1,-1,-1,1,110106,30,10000,5500,0,1,9,-1,-1,-1,-1,1500,-1,6,1
10013140,斯嘉蒂之眼6级,FFFFFF,霜冻使敌方单体减少速度20%，持续3回合。重量185.,z_bingyan.jpg,1,1284,-1,258,536,14500,4081,-1,-1,-1,-1,-1,-1,-1,-1,1,110206,0,10000,5850,0,1,9,-1,-1,-1,-1,1501,-1,6,1
10013141,黯灭6级,FFFFFF,减少单体物理防御400点物理免疫30点，持续15回合。重量133.,z_anmie.jpg,1,356,-1,134,0,0,0,-1,-1,-1,-1,-1,-1,-1,-1,1,110606,0,10000,4100,0,1,9,-1,-1,-1,-1,1502,-1,6,1
10013142,散失之刃6级,FFFFFF,使敌方目标受到575点伤害，并减少450点魔法值。重量109.,z_sanshi.jpg,1,356,-1,49,103,0,362,-1,-1,-1,-1,-1,-1,-1,-1,1,110706,0,10000,3300,0,1,9,-1,-1,-1,-1,1503,-1,6,1
10013143,天堂之戟6级,FFFFFF,使目标残废，削弱其攻击速度20%，持续3回合。重量128.,z_tiantangzhiji.jpg,1,859,-1,90,0,4986,0,7,45,-1,-1,-1,-1,-1,-1,1,110806,0,1500,3950,0,1,9,-1,-1,-1,-1,1504,-1,6,1
10013144,圣剑6级,FFFFFF,重量310.,z_shengjian.jpg,1,1866,-1,858,0,0,0,-1,-1,-1,-1,-1,-1,-1,-1,-1,-1,-1,-1,6200,0,1,8,-1,-1,-1,-1,1505,-1,6,1
10013145,金箍棒6级,FFFFFF,猛击对方单体目标使其受到1200点伤害。重量172.,z_jingubang.jpg,1,1202,-1,274,0,0,0,6,100,-1,-1,-1,-1,-1,-1,1,110906,0,3500,5400,0,1,9,-1,-1,-1,-1,1506,-1,6,1
10013146,辉耀6级,FFFFFF,使敌方全体受到每2回合140点的持续伤害，不可叠加。重量164.,z_huiyao.jpg,1,1160,-1,204,0,0,0,-1,-1,-1,-1,-1,-1,-1,-1,0,111006,-1,-1,5150,0,1,9,-1,-1,-1,-1,1507,-1,6,1
10013147,蝴蝶6级,FFFFFF,重量190.,z_hudie.jpg,1,1284,-1,204,214,0,0,3,10,7,50,-1,-1,-1,-1,-1,-1,-1,-1,6000,0,1,9,-1,-1,-1,-1,1508,-1,6,1
10013148,大炮6级,FFFFFF,重量178.,z_dapao.jpg,1,1284,-1,277,0,0,0,8,25,14,290,-1,-1,-1,-1,-1,-1,-1,-1,5600,0,1,9,-1,-1,-1,-1,1509,-1,6,1
10013149,狂战斧6级,FFFFFF,溅射使敌方目标周围受到自身攻击90%伤害。重量140.,z_kuangzhan.jpg,1,356,-1,146,0,1968,474,-1,-1,-1,-1,-1,-1,-1,-1,1,111206,0,10000,4350,0,1,9,-1,-1,-1,-1,1510,-1,6,1
10013150,深渊之刃6级,FFFFFF,主动使用压服使敌方单体目标眩晕8回合。重量212.,z_shenyuanzhiren.jpg,1,1284,-1,378,0,3800,0,-1,-1,-1,-1,-1,-1,-1,-1,1,111306,60,10000,6750,0,1,9,-1,-1,-1,-1,1511,-1,6,1
10013151,黑皇杖6级,FFFFFF,使自身免受50%魔法伤害,z_heihuang.jpg,1,361,-1,76,0,2495,0,-1,-1,-1,-1,-1,-1,-1,-1,1,109601,55,10000,3900,0,1,9,-1,-1,-1,-1,1512,-1,6,1
10013152,绿杖6级,FFFFFF,使自己受到物理伤害减少30%,z_lvzhang.jpg,1,439,-1,72,54,2660,649,-1,-1,-1,-1,-1,-1,-1,-1,0,111601,30,10000,1600,0,1,9,-1,-1,-1,-1,1513,-1,6,1
10013153,散夜对剑6级,FFFFFF,使目标残废，削弱其攻击速度30%，持续3回合。,z_duijian.jpg,1,356,-1,98,77,3988,0,3,5,-1,-1,-1,-1,-1,-1,1,109901,0,1500,4100,0,1,9,-1,-1,-1,-1,1514,-1,6,1
10013154,先锋盾6级,FFFFFF,,z_xianfengdun.jpg,1,155,-1,0,39,6516,0,15,10,-1,-1,-1,-1,-1,-1,-1,-1,-1,-1,2225,0,1,9,-1,-1,-1,-1,1515,-1,6,1
10013155,卡嘉之洞察长笛6级,FFFFFF,,z_dizi.jpg,1,290,-1,0,0,4072,0,21,40,-1,-1,-1,-1,-1,-1,-1,-1,-1,-1,3628,0,1,9,-1,-1,-1,-1,1516,-1,6,1
10013156,梅肯斯姆7级,FFFFFF,增加己方全体1400点生命上限，该效果不可叠加。重量79.,z_meikensimu.jpg,1,257,-1,11,254,3123,393,-1,-1,-1,-1,-1,-1,-1,-1,0,108407,-1,-1,2306,0,1,9,-1,-1,-1,-1,1517,-1,7,1
10013157,秘法鞋7级,FFFFFF,被动增加己方全体魔法值上限1800，该效果不可叠加。重量53.,z_mifaxie.jpg,1,134,-1,0,0,0,1513,3,3,-1,-1,-1,-1,-1,-1,0,108507,-1,-1,1450,0,1,9,-1,-1,-1,-1,1518,-1,7,1
10013158,古之忍耐姜歌7级,FFFFFF,为己方所有单位增加1的攻击速度，该效果不可叠加。重量62.,z_guzhirennaijiangge.jpg,1,205,-1,79,54,2736,707,3,1,-1,-1,-1,-1,-1,-1,0,108707,-1,-1,1726,0,1,9,-1,-1,-1,-1,1519,-1,7,1
10013159,羊刀7级,FFFFFF,将敌方单位变成青蛙，持续10回合。重量181.,z_yangdao.jpg,1,1284,-1,142,96,4636,6076,-1,-1,-1,-1,-1,-1,-1,-1,1,108907,35,10000,5675,0,1,9,-1,-1,-1,-1,1520,-1,7,1
10013160,紫怨7级,FFFFFF,使敌方单体在20回合内减少魔法伤害减免55%。重量134.,z_ziyuan.jpg,1,356,-1,145,0,0,2580,-1,-1,-1,-1,-1,-1,-1,-1,1,109007,25,10000,4125,0,1,9,-1,-1,-1,-1,1521,-1,7,1
10013161,红杖7级,FFFFFF,对敌方单体使用能量冲击造成2200点魔法伤害。重量94.,z_hongzhang.jpg,1,339,-1,79,15,912,1176,-1,-1,-1,-1,-1,-1,-1,-1,1,109107,40,10000,2780,0,1,9,-1,-1,-1,-1,1522,-1,7,1
10013162,死灵书7级,FFFFFF,召唤死灵减少敌方单体目标1200点法力值和生命值。重量91.,z_silingshu.jpg,1,339,-1,51,0,1821,1176,-1,-1,-1,-1,-1,-1,-1,-1,1,109207,80,10000,2700,0,1,9,-1,-1,-1,-1,1523,-1,7,1
10013163,纷争面纱7级,FFFFFF,减少敌方全体40%魔法伤害减免，持续20回合。重量103.,z_fenzhengmiansha.jpg,1,356,-1,30,36,2400,946,-1,-1,-1,-1,-1,-1,-1,-1,1,109307,30,10000,3100,0,1,9,-1,-1,-1,-1,1524,-1,7,1
10013164,强袭装甲7级,FFFFFF,减少敌方物理防御400点和物理免疫15点，不可叠加。重量170.,z_qiangxi.jpg,1,1202,-1,0,696,0,0,3,7,-1,-1,-1,-1,-1,-1,0,109507,-1,-1,5350,0,1,9,-1,-1,-1,-1,1525,-1,7,1
10013165,魔龙之心7级,FFFFFF,重量175.,z_molongzhixin.jpg,1,1202,-1,160,0,25864,0,-1,-1,-1,-1,-1,-1,-1,-1,-1,-1,-1,-1,5500,0,1,8,-1,-1,-1,-1,1526,-1,7,1
10013166,西瓦的守护7级,FFFFFF,对敌方全体使用极寒冲击，造成1000点魔法伤害。重量151.,z_xiwa.jpg,1,1160,-1,121,696,0,3595,-1,-1,-1,-1,-1,-1,-1,-1,1,109707,30,10000,4700,0,1,9,-1,-1,-1,-1,1527,-1,7,1
10013167,血精石7级,FFFFFF,重量161.,z_xuejingshi.jpg,1,963,-1,0,0,11604,3240,-1,-1,-1,-1,-1,-1,-1,-1,-1,-1,-1,-1,5050,0,1,9,-1,-1,-1,-1,1528,-1,7,1
10013168,幻影斧7级,FFFFFF,对敌方单体造成物理攻击3倍再附加900的伤害。重量161.,z_huanyingfu.jpg,1,1160,-1,185,243,4636,1201,3,3,-1,-1,-1,-1,-1,-1,1,109807,35,10000,5050,0,1,9,-1,-1,-1,-1,1529,-1,7,1
10013169,撒旦之邪力7级,FFFFFF,主动使用不洁狂热使自身恢复2200点生命值。重量194.,z_sadanzhixieli.jpg,1,1284,-1,184,234,11590,0,-1,-1,-1,-1,-1,-1,-1,-1,1,110007,35,10000,6150,0,1,9,-1,-1,-1,-1,1530,-1,7,1
10013170,雷神之锤7级,FFFFFF,连环闪电使敌方全体受到800点魔法伤害。重量175.,z_dadiancui.jpg,1,1202,-1,95,0,0,0,3,12,-1,-1,-1,-1,-1,-1,1,110107,30,10000,5500,0,1,9,-1,-1,-1,-1,1531,-1,7,1
10013171,斯嘉蒂之眼7级,FFFFFF,霜冻使敌方单体减少速度20%，持续3回合。重量185.,z_bingyan.jpg,1,1284,-1,304,696,17690,5305,-1,-1,-1,-1,-1,-1,-1,-1,1,110207,0,10000,5850,0,1,9,-1,-1,-1,-1,1532,-1,7,1
10013172,黯灭7级,FFFFFF,减少单体物理防御500点物理免疫30点，持续15回合。重量133.,z_anmie.jpg,1,356,-1,158,0,0,0,-1,-1,-1,-1,-1,-1,-1,-1,1,110607,0,10000,4100,0,1,9,-1,-1,-1,-1,1533,-1,7,1
10013173,散失之刃7级,FFFFFF,使敌方目标受到700点伤害，并减少450点魔法值。重量109.,z_sanshi.jpg,1,356,-1,57,133,0,470,-1,-1,-1,-1,-1,-1,-1,-1,1,110707,0,10000,3300,0,1,9,-1,-1,-1,-1,1534,-1,7,1
10013174,天堂之戟7级,FFFFFF,使目标残废，削弱其攻击速度20%，持续3回合。重量128.,z_tiantangzhiji.jpg,1,859,-1,106,0,6082,0,7,45,-1,-1,-1,-1,-1,-1,1,110807,0,1500,3950,0,1,9,-1,-1,-1,-1,1535,-1,7,1
10013175,圣剑7级,FFFFFF,重量310.,z_shengjian.jpg,1,1866,-1,1012,0,0,0,-1,-1,-1,-1,-1,-1,-1,-1,-1,-1,-1,-1,6200,0,1,8,-1,-1,-1,-1,1536,-1,7,1
10013176,金箍棒7级,FFFFFF,猛击对方单体目标使其受到1400点伤害。重量172.,z_jingubang.jpg,1,1202,-1,323,0,0,0,6,100,-1,-1,-1,-1,-1,-1,1,110907,0,3500,5400,0,1,9,-1,-1,-1,-1,1537,-1,7,1
10013177,辉耀7级,FFFFFF,使敌方全体受到每2回合160点的持续伤害，不可叠加。重量164.,z_huiyao.jpg,1,1160,-1,240,0,0,0,-1,-1,-1,-1,-1,-1,-1,-1,0,111007,-1,-1,5150,0,1,9,-1,-1,-1,-1,1538,-1,7,1
10013178,蝴蝶7级,FFFFFF,重量190.,z_hudie.jpg,1,1284,-1,240,278,0,0,3,10,7,50,-1,-1,-1,-1,-1,-1,-1,-1,6000,0,1,9,-1,-1,-1,-1,1539,-1,7,1
10013179,大炮7级,FFFFFF,重量178.,z_dapao.jpg,1,1284,-1,326,0,0,0,8,25,14,300,-1,-1,-1,-1,-1,-1,-1,-1,5600,0,1,9,-1,-1,-1,-1,1540,-1,7,1
10013180,狂战斧7级,FFFFFF,溅射使敌方目标周围受到自身攻击100%伤害。重量140.,z_kuangzhan.jpg,1,356,-1,172,0,2400,616,-1,-1,-1,-1,-1,-1,-1,-1,1,111207,0,10000,4350,0,1,9,-1,-1,-1,-1,1541,-1,7,1
10013181,深渊之刃7级,FFFFFF,主动使用压服使敌方单体目标眩晕9回合。重量212.,z_shenyuanzhiren.jpg,1,1284,-1,446,0,4636,0,-1,-1,-1,-1,-1,-1,-1,-1,1,111307,60,10000,6750,0,1,9,-1,-1,-1,-1,1542,-1,7,1
10013182,黑皇杖7级,FFFFFF,使自身免受50%魔法伤害,z_heihuang.jpg,1,361,-1,89,0,3043,0,-1,-1,-1,-1,-1,-1,-1,-1,1,109601,55,10000,3900,0,1,9,-1,-1,-1,-1,1543,-1,7,1
10013183,绿杖7级,FFFFFF,使自己受到物理伤害减少30%,z_lvzhang.jpg,1,439,-1,84,70,3245,843,-1,-1,-1,-1,-1,-1,-1,-1,0,111601,30,10000,1600,0,1,9,-1,-1,-1,-1,1544,-1,7,1
10013184,散夜对剑7级,FFFFFF,使目标残废，削弱其攻击速度30%，持续3回合。,z_duijian.jpg,1,356,-1,115,100,4865,0,3,5,-1,-1,-1,-1,-1,-1,1,109901,0,1500,4100,0,1,9,-1,-1,-1,-1,1545,-1,7,1
10013185,先锋盾7级,FFFFFF,,z_xianfengdun.jpg,1,155,-1,0,50,7949,0,15,10,-1,-1,-1,-1,-1,-1,-1,-1,-1,-1,2225,0,1,9,-1,-1,-1,-1,1546,-1,7,1
10013186,卡嘉之洞察长笛7级,FFFFFF,,z_dizi.jpg,1,290,-1,0,0,4967,0,21,40,-1,-1,-1,-1,-1,-1,-1,-1,-1,-1,3628,0,1,9,-1,-1,-1,-1,1547,-1,7,1
10013187,梅肯斯姆8级,FFFFFF,增加己方全体1600点生命上限，该效果不可叠加。重量79.,z_meikensimu.jpg,1,257,-1,12,304,3560,471,-1,-1,-1,-1,-1,-1,-1,-1,0,108408,-1,-1,2306,0,1,9,-1,-1,-1,-1,1548,-1,8,1
10013188,秘法鞋8级,FFFFFF,被动增加己方全体魔法值上限2100，该效果不可叠加。重量53.,z_mifaxie.jpg,1,134,-1,0,0,0,1815,3,3,-1,-1,-1,-1,-1,-1,0,108508,-1,-1,1450,0,1,9,-1,-1,-1,-1,1549,-1,8,1
10013189,古之忍耐姜歌8级,FFFFFF,为己方所有单位增加1的攻击速度，该效果不可叠加。重量62.,z_guzhirennaijiangge.jpg,1,205,-1,90,64,3119,848,3,1,-1,-1,-1,-1,-1,-1,0,108708,-1,-1,1726,0,1,9,-1,-1,-1,-1,1550,-1,8,1
10013190,羊刀8级,FFFFFF,将敌方单位变成青蛙，持续11回合。重量181.,z_yangdao.jpg,1,1284,-1,163,115,5285,7291,-1,-1,-1,-1,-1,-1,-1,-1,1,108908,35,10000,5675,0,1,9,-1,-1,-1,-1,1551,-1,8,1
10013191,紫怨8级,FFFFFF,使敌方单体在20回合内减少魔法伤害减免60%。重量134.,z_ziyuan.jpg,1,356,-1,166,0,0,3096,-1,-1,-1,-1,-1,-1,-1,-1,1,109008,25,10000,4125,0,1,9,-1,-1,-1,-1,1552,-1,8,1
10013192,红杖8级,FFFFFF,对敌方单体使用能量冲击造成2500点魔法伤害。重量94.,z_hongzhang.jpg,1,339,-1,90,18,1039,1411,-1,-1,-1,-1,-1,-1,-1,-1,1,109108,40,10000,2780,0,1,9,-1,-1,-1,-1,1553,-1,8,1
10013193,死灵书8级,FFFFFF,召唤死灵减少敌方单体目标1400点法力值和生命值。重量91.,z_silingshu.jpg,1,339,-1,58,0,2075,1411,-1,-1,-1,-1,-1,-1,-1,-1,1,109208,80,10000,2700,0,1,9,-1,-1,-1,-1,1554,-1,8,1
10013194,纷争面纱8级,FFFFFF,减少敌方全体45%魔法伤害减免，持续20回合。重量103.,z_fenzhengmiansha.jpg,1,356,-1,34,43,2736,1135,-1,-1,-1,-1,-1,-1,-1,-1,1,109308,30,10000,3100,0,1,9,-1,-1,-1,-1,1555,-1,8,1
10013195,强袭装甲8级,FFFFFF,减少敌方物理防御450点和物理免疫15点，不可叠加。重量170.,z_qiangxi.jpg,1,1202,-1,0,835,0,0,3,7,-1,-1,-1,-1,-1,-1,0,109508,-1,-1,5350,0,1,9,-1,-1,-1,-1,1556,-1,8,1
10013196,魔龙之心8级,FFFFFF,重量175.,z_molongzhixin.jpg,1,1202,-1,184,0,29484,0,-1,-1,-1,-1,-1,-1,-1,-1,-1,-1,-1,-1,5500,0,1,8,-1,-1,-1,-1,1557,-1,8,1
10013197,西瓦的守护8级,FFFFFF,对敌方全体使用极寒冲击，造成1100点魔法伤害。重量151.,z_xiwa.jpg,1,1160,-1,139,835,0,4314,-1,-1,-1,-1,-1,-1,-1,-1,1,109708,30,10000,4700,0,1,9,-1,-1,-1,-1,1558,-1,8,1
10013198,血精石8级,FFFFFF,重量161.,z_xuejingshi.jpg,1,963,-1,0,0,13228,3888,-1,-1,-1,-1,-1,-1,-1,-1,-1,-1,-1,-1,5050,0,1,9,-1,-1,-1,-1,1559,-1,8,1
10013199,幻影斧8级,FFFFFF,对敌方单体造成物理攻击3倍再附加1000的伤害。重量161.,z_huanyingfu.jpg,1,1160,-1,212,291,5285,1441,3,3,-1,-1,-1,-1,-1,-1,1,109808,35,10000,5050,0,1,9,-1,-1,-1,-1,1560,-1,8,1
10013200,撒旦之邪力8级,FFFFFF,主动使用不洁狂热使自身恢复2500点生命值。重量194.,z_sadanzhixieli.jpg,1,1284,-1,211,280,13212,0,-1,-1,-1,-1,-1,-1,-1,-1,1,110008,35,10000,6150,0,1,9,-1,-1,-1,-1,1561,-1,8,1
10013201,雷神之锤8级,FFFFFF,连环闪电使敌方全体受到900点魔法伤害。重量175.,z_dadiancui.jpg,1,1202,-1,109,0,0,0,3,12,-1,-1,-1,-1,-1,-1,1,110108,30,10000,5500,0,1,9,-1,-1,-1,-1,1562,-1,8,1
10013202,斯嘉蒂之眼8级,FFFFFF,霜冻使敌方单体减少速度20%，持续3回合。重量185.,z_bingyan.jpg,1,1284,-1,349,835,20166,6366,-1,-1,-1,-1,-1,-1,-1,-1,1,110208,0,10000,5850,0,1,9,-1,-1,-1,-1,1563,-1,8,1
10013203,黯灭8级,FFFFFF,减少单体物理防御580点物理免疫30点，持续15回合。重量133.,z_anmie.jpg,1,356,-1,181,0,0,0,-1,-1,-1,-1,-1,-1,-1,-1,1,110608,0,10000,4100,0,1,9,-1,-1,-1,-1,1564,-1,8,1
10013204,散失之刃8级,FFFFFF,使敌方目标受到825点伤害，并减少450点魔法值。重量109.,z_sanshi.jpg,1,356,-1,65,159,0,564,-1,-1,-1,-1,-1,-1,-1,-1,1,110708,0,10000,3300,0,1,9,-1,-1,-1,-1,1565,-1,8,1
10013205,天堂之戟8级,FFFFFF,使目标残废，削弱其攻击速度20%，持续3回合。重量128.,z_tiantangzhiji.jpg,1,859,-1,121,0,6933,0,7,45,-1,-1,-1,-1,-1,-1,1,110808,0,1500,3950,0,1,9,-1,-1,-1,-1,1566,-1,8,1
10013206,圣剑8级,FFFFFF,重量310.,z_shengjian.jpg,1,1866,-1,1163,0,0,0,-1,-1,-1,-1,-1,-1,-1,-1,-1,-1,-1,-1,6200,0,1,8,-1,-1,-1,-1,1567,-1,8,1
10013207,金箍棒8级,FFFFFF,猛击对方单体目标使其受到1600点伤害。重量172.,z_jingubang.jpg,1,1202,-1,371,0,0,0,6,100,-1,-1,-1,-1,-1,-1,1,110908,0,3500,5400,0,1,9,-1,-1,-1,-1,1568,-1,8,1
10013208,辉耀8级,FFFFFF,使敌方全体受到每2回合180点的持续伤害，不可叠加。重量164.,z_huiyao.jpg,1,1160,-1,276,0,0,0,-1,-1,-1,-1,-1,-1,-1,-1,0,111008,-1,-1,5150,0,1,9,-1,-1,-1,-1,1569,-1,8,1
10013209,蝴蝶8级,FFFFFF,重量190.,z_hudie.jpg,1,1284,-1,276,333,0,0,3,10,7,50,-1,-1,-1,-1,-1,-1,-1,-1,6000,0,1,9,-1,-1,-1,-1,1570,-1,8,1
10013210,大炮8级,FFFFFF,重量178.,z_dapao.jpg,1,1284,-1,374,0,0,0,8,25,14,310,-1,-1,-1,-1,-1,-1,-1,-1,5600,0,1,9,-1,-1,-1,-1,1571,-1,8,1
10013211,狂战斧8级,FFFFFF,溅射使敌方目标周围受到自身攻击110%伤害。重量140.,z_kuangzhan.jpg,1,356,-1,197,0,2736,739,-1,-1,-1,-1,-1,-1,-1,-1,1,111208,0,10000,4350,0,1,9,-1,-1,-1,-1,1572,-1,8,1
10013212,深渊之刃8级,FFFFFF,主动使用压服使敌方单体目标眩晕10回合。重量212.,z_shenyuanzhiren.jpg,1,1284,-1,512,0,5285,0,-1,-1,-1,-1,-1,-1,-1,-1,1,111308,60,10000,6750,0,1,9,-1,-1,-1,-1,1573,-1,8,1
10013213,黑皇杖8级,FFFFFF,使自身免受50%魔法伤害,z_heihuang.jpg,1,361,-1,102,0,3469,0,-1,-1,-1,-1,-1,-1,-1,-1,1,109601,55,10000,3900,0,1,9,-1,-1,-1,-1,1574,-1,8,1
10013214,绿杖8级,FFFFFF,使自己受到物理伤害减少30%,z_lvzhang.jpg,1,439,-1,96,84,3699,1011,-1,-1,-1,-1,-1,-1,-1,-1,0,111601,30,10000,1600,0,1,9,-1,-1,-1,-1,1575,-1,8,1
10013215,散夜对剑8级,FFFFFF,使目标残废，削弱其攻击速度30%，持续3回合。,z_duijian.jpg,1,356,-1,132,120,5546,0,3,5,-1,-1,-1,-1,-1,-1,1,109901,0,1500,4100,0,1,9,-1,-1,-1,-1,1576,-1,8,1
10013216,先锋盾8级,FFFFFF,,z_xianfengdun.jpg,1,155,-1,0,60,9061,0,15,10,-1,-1,-1,-1,-1,-1,-1,-1,-1,-1,2225,0,1,9,-1,-1,-1,-1,1577,-1,8,1
10013217,卡嘉之洞察长笛8级,FFFFFF,,z_dizi.jpg,1,290,-1,0,0,5662,0,21,40,-1,-1,-1,-1,-1,-1,-1,-1,-1,-1,3628,0,1,9,-1,-1,-1,-1,1578,-1,8,1
10013218,梅肯斯姆9级,FFFFFF,增加己方全体1800点生命上限，该效果不可叠加。重量79.,z_meikensimu.jpg,1,257,-1,13,364,4094,565,-1,-1,-1,-1,-1,-1,-1,-1,0,108409,-1,-1,2306,0,1,9,-1,-1,-1,-1,1579,-1,9,1
10013219,秘法鞋9级,FFFFFF,被动增加己方全体魔法值上限2400，该效果不可叠加。重量53.,z_mifaxie.jpg,1,134,-1,0,0,0,2178,3,3,-1,-1,-1,-1,-1,-1,0,108509,-1,-1,1450,0,1,9,-1,-1,-1,-1,1580,-1,9,1
10013220,古之忍耐姜歌9级,FFFFFF,为己方所有单位增加1的攻击速度，该效果不可叠加。重量62.,z_guzhirennaijiangge.jpg,1,205,-1,103,76,3586,1017,3,1,-1,-1,-1,-1,-1,-1,0,108709,-1,-1,1726,0,1,9,-1,-1,-1,-1,1581,-1,9,1
10013221,羊刀9级,FFFFFF,将敌方单位变成青蛙，持续12回合。重量181.,z_yangdao.jpg,1,1284,-1,187,138,6077,8749,-1,-1,-1,-1,-1,-1,-1,-1,1,108909,35,10000,5675,0,1,9,-1,-1,-1,-1,1582,-1,9,1
10013222,紫怨9级,FFFFFF,使敌方单体在20回合内减少魔法伤害减免60%。重量134.,z_ziyuan.jpg,1,356,-1,190,0,0,3715,-1,-1,-1,-1,-1,-1,-1,-1,1,109009,25,10000,4125,0,1,9,-1,-1,-1,-1,1583,-1,9,1
10013223,红杖9级,FFFFFF,对敌方单体使用能量冲击造成2800点魔法伤害。重量94.,z_hongzhang.jpg,1,339,-1,103,21,1194,1693,-1,-1,-1,-1,-1,-1,-1,-1,1,109109,40,10000,2780,0,1,9,-1,-1,-1,-1,1584,-1,9,1
10013224,死灵书9级,FFFFFF,召唤死灵减少敌方单体目标1600点法力值和生命值。重量91.,z_silingshu.jpg,1,339,-1,66,0,2386,1693,-1,-1,-1,-1,-1,-1,-1,-1,1,109209,80,10000,2700,0,1,9,-1,-1,-1,-1,1585,-1,9,1
10013225,纷争面纱9级,FFFFFF,减少敌方全体50%魔法伤害减免，持续20回合。重量103.,z_fenzhengmiansha.jpg,1,356,-1,39,51,3146,1362,-1,-1,-1,-1,-1,-1,-1,-1,1,109309,30,10000,3100,0,1,9,-1,-1,-1,-1,1586,-1,9,1
10013226,强袭装甲9级,FFFFFF,减少敌方物理防御500点和物理免疫15点，不可叠加。重量170.,z_qiangxi.jpg,1,1202,-1,0,1002,0,0,3,7,-1,-1,-1,-1,-1,-1,0,109509,-1,-1,5350,0,1,9,-1,-1,-1,-1,1587,-1,9,1
10013227,魔龙之心9级,FFFFFF,重量175.,z_molongzhixin.jpg,1,1202,-1,211,0,33906,0,-1,-1,-1,-1,-1,-1,-1,-1,-1,-1,-1,-1,5500,0,1,8,-1,-1,-1,-1,1588,-1,9,1
10013228,西瓦的守护9级,FFFFFF,对敌方全体使用极寒冲击，造成1200点魔法伤害。重量151.,z_xiwa.jpg,1,1160,-1,159,1002,0,5176,-1,-1,-1,-1,-1,-1,-1,-1,1,109709,30,10000,4700,0,1,9,-1,-1,-1,-1,1589,-1,9,1
10013229,血精石9级,FFFFFF,重量161.,z_xuejingshi.jpg,1,963,-1,0,0,15212,4665,-1,-1,-1,-1,-1,-1,-1,-1,-1,-1,-1,-1,5050,0,1,9,-1,-1,-1,-1,1590,-1,9,1
10013230,幻影斧9级,FFFFFF,对敌方单体造成物理攻击3倍再附加1100的伤害。重量161.,z_huanyingfu.jpg,1,1160,-1,243,349,6077,1729,3,3,-1,-1,-1,-1,-1,-1,1,109809,35,10000,5050,0,1,9,-1,-1,-1,-1,1591,-1,9,1
10013231,撒旦之邪力9级,FFFFFF,主动使用不洁狂热使自身恢复2800点生命值。重量194.,z_sadanzhixieli.jpg,1,1284,-1,242,336,15193,0,-1,-1,-1,-1,-1,-1,-1,-1,1,110009,35,10000,6150,0,1,9,-1,-1,-1,-1,1592,-1,9,1
10013232,雷神之锤9级,FFFFFF,连环闪电使敌方全体受到1000点魔法伤害。重量175.,z_dadiancui.jpg,1,1202,-1,125,0,0,0,3,12,-1,-1,-1,-1,-1,-1,1,110109,30,10000,5500,0,1,9,-1,-1,-1,-1,1593,-1,9,1
10013233,斯嘉蒂之眼9级,FFFFFF,霜冻使敌方单体减少速度20%，持续3回合。重量185.,z_bingyan.jpg,1,1284,-1,401,1002,23190,7639,-1,-1,-1,-1,-1,-1,-1,-1,1,110209,0,10000,5850,0,1,9,-1,-1,-1,-1,1594,-1,9,1
10013234,黯灭9级,FFFFFF,减少单体物理防御660点物理免疫30点，持续15回合。重量133.,z_anmie.jpg,1,356,-1,208,0,0,0,-1,-1,-1,-1,-1,-1,-1,-1,1,110609,0,10000,4100,0,1,9,-1,-1,-1,-1,1595,-1,9,1
10013235,散失之刃9级,FFFFFF,使敌方目标受到950点伤害，并减少450点魔法值。重量109.,z_sanshi.jpg,1,356,-1,74,190,0,676,-1,-1,-1,-1,-1,-1,-1,-1,1,110709,0,10000,3300,0,1,9,-1,-1,-1,-1,1596,-1,9,1
10013236,天堂之戟9级,FFFFFF,使目标残废，削弱其攻击速度20%，持续3回合。重量128.,z_tiantangzhiji.jpg,1,859,-1,139,0,7972,0,7,45,-1,-1,-1,-1,-1,-1,1,110809,0,1500,3950,0,1,9,-1,-1,-1,-1,1597,-1,9,1
10013237,圣剑9级,FFFFFF,重量310.,z_shengjian.jpg,1,1866,-1,1337,0,0,0,-1,-1,-1,-1,-1,-1,-1,-1,-1,-1,-1,-1,6200,0,1,8,-1,-1,-1,-1,1598,-1,9,1
10013238,金箍棒9级,FFFFFF,猛击对方单体目标使其受到1800点伤害。重量172.,z_jingubang.jpg,1,1202,-1,426,0,0,0,6,100,-1,-1,-1,-1,-1,-1,1,110909,0,3500,5400,0,1,9,-1,-1,-1,-1,1599,-1,9,1
10013239,辉耀9级,FFFFFF,使敌方全体受到每2回合200点的持续伤害，不可叠加。重量164.,z_huiyao.jpg,1,1160,-1,317,0,0,0,-1,-1,-1,-1,-1,-1,-1,-1,0,111009,-1,-1,5150,0,1,9,-1,-1,-1,-1,1600,-1,9,1
10013240,蝴蝶9级,FFFFFF,重量190.,z_hudie.jpg,1,1284,-1,317,399,0,0,3,10,7,50,-1,-1,-1,-1,-1,-1,-1,-1,6000,0,1,9,-1,-1,-1,-1,1601,-1,9,1
10013241,大炮9级,FFFFFF,重量178.,z_dapao.jpg,1,1284,-1,430,0,0,0,8,25,14,310,-1,-1,-1,-1,-1,-1,-1,-1,5600,0,1,9,-1,-1,-1,-1,1602,-1,9,1
10013242,狂战斧9级,FFFFFF,溅射使敌方目标周围受到自身攻击120%伤害。重量140.,z_kuangzhan.jpg,1,356,-1,226,0,3146,886,-1,-1,-1,-1,-1,-1,-1,-1,1,111209,0,10000,4350,0,1,9,-1,-1,-1,-1,1603,-1,9,1
10013243,深渊之刃9级,FFFFFF,主动使用压服使敌方单体目标眩晕11回合。重量212.,z_shenyuanzhiren.jpg,1,1284,-1,588,0,6077,0,-1,-1,-1,-1,-1,-1,-1,-1,1,111309,60,10000,6750,0,1,9,-1,-1,-1,-1,1604,-1,9,1
10013244,黑皇杖9级,FFFFFF,使自身免受50%魔法伤害,z_heihuang.jpg,1,361,-1,117,0,3989,0,-1,-1,-1,-1,-1,-1,-1,-1,1,109601,55,10000,3900,0,1,9,-1,-1,-1,-1,1605,-1,9,1
10013245,绿杖9级,FFFFFF,使自己受到物理伤害减少30%,z_lvzhang.jpg,1,439,-1,110,100,4253,1213,-1,-1,-1,-1,-1,-1,-1,-1,0,111601,30,10000,1600,0,1,9,-1,-1,-1,-1,1606,-1,9,1
10013246,散夜对剑9级,FFFFFF,使目标残废，削弱其攻击速度30%，持续3回合。,z_duijian.jpg,1,356,-1,151,144,6377,0,3,5,-1,-1,-1,-1,-1,-1,1,109901,0,1500,4100,0,1,9,-1,-1,-1,-1,1607,-1,9,1
10013247,先锋盾9级,FFFFFF,,z_xianfengdun.jpg,1,155,-1,0,72,10420,0,15,10,-1,-1,-1,-1,-1,-1,-1,-1,-1,-1,2225,0,1,9,-1,-1,-1,-1,1608,-1,9,1
10013248,卡嘉之洞察长笛9级,FFFFFF,,z_dizi.jpg,1,290,-1,0,0,6511,0,21,40,-1,-1,-1,-1,-1,-1,-1,-1,-1,-1,3628,0,1,9,-1,-1,-1,-1,1609,-1,9,1
10013249,梅肯斯姆10级,FFFFFF,增加己方全体2000点生命上限，该效果不可叠加。重量79.,z_meikensimu.jpg,1,257,-1,14,418,4789,649,-1,-1,-1,-1,-1,-1,-1,-1,0,1084010,-1,-1,2306,0,1,9,-1,-1,-1,-1,1610,-1,10,-1
10013250,秘法鞋10级,FFFFFF,被动增加己方全体魔法值上限2700，该效果不可叠加。重量53.,z_mifaxie.jpg,1,134,-1,0,0,0,2504,3,3,-1,-1,-1,-1,-1,-1,0,108510,-1,-1,1450,0,1,9,-1,-1,-1,-1,1611,-1,10,-1
10013251,古之忍耐姜歌10级,FFFFFF,为己方所有单位增加1的攻击速度，该效果不可叠加。重量62.,z_guzhirennaijiangge.jpg,1,205,-1,118,87,4195,1169,3,1,-1,-1,-1,-1,-1,-1,0,108710,-1,-1,1726,0,1,9,-1,-1,-1,-1,1612,-1,10,-1
10013252,羊刀10级,FFFFFF,将敌方单位变成青蛙，持续13回合。重量181.,z_yangdao.jpg,1,1284,-1,215,158,7110,10061,-1,-1,-1,-1,-1,-1,-1,-1,1,108910,35,10000,5675,0,1,9,-1,-1,-1,-1,1613,-1,10,-1
10013253,紫怨10级,FFFFFF,使敌方单体在20回合内减少魔法伤害减免60%。重量134.,z_ziyuan.jpg,1,356,-1,218,0,0,4272,-1,-1,-1,-1,-1,-1,-1,-1,1,109010,25,10000,4125,0,1,9,-1,-1,-1,-1,1614,-1,10,-1
10013254,红杖10级,FFFFFF,对敌方单体使用能量冲击造成3100点魔法伤害。重量94.,z_hongzhang.jpg,1,339,-1,118,24,1396,1946,-1,-1,-1,-1,-1,-1,-1,-1,1,109110,40,10000,2780,0,1,9,-1,-1,-1,-1,1615,-1,10,-1
10013255,死灵书10级,FFFFFF,召唤死灵减少敌方单体目标1800点法力值和生命值。重量91.,z_silingshu.jpg,1,339,-1,75,0,2791,1946,-1,-1,-1,-1,-1,-1,-1,-1,1,109210,80,10000,2700,0,1,9,-1,-1,-1,-1,1616,-1,10,-1
10013256,纷争面纱10级,FFFFFF,减少敌方全体55%魔法伤害减免，持续20回合。重量103.,z_fenzhengmiansha.jpg,1,356,-1,44,58,3680,1566,-1,-1,-1,-1,-1,-1,-1,-1,1,109310,30,10000,3100,0,1,9,-1,-1,-1,-1,1617,-1,10,-1
10013257,强袭装甲10级,FFFFFF,减少敌方物理防御550点和物理免疫15点，不可叠加。重量170.,z_qiangxi.jpg,1,1202,-1,0,1152,0,0,3,7,-1,-1,-1,-1,-1,-1,0,109510,-1,-1,5350,0,1,9,-1,-1,-1,-1,1618,-1,10,-1
10013258,魔龙之心10级,FFFFFF,重量175.,z_molongzhixin.jpg,1,1202,-1,242,0,39670,0,-1,-1,-1,-1,-1,-1,-1,-1,-1,-1,-1,-1,5500,0,1,8,-1,-1,-1,-1,1619,-1,10,-1
10013259,西瓦的守护10级,FFFFFF,对敌方全体使用极寒冲击，造成1300点魔法伤害。重量151.,z_xiwa.jpg,1,1160,-1,182,1152,0,5952,-1,-1,-1,-1,-1,-1,-1,-1,1,109710,30,10000,4700,0,1,9,-1,-1,-1,-1,1620,-1,10,-1
10013260,血精石10级,FFFFFF,重量161.,z_xuejingshi.jpg,1,963,-1,0,0,17798,5364,-1,-1,-1,-1,-1,-1,-1,-1,-1,-1,-1,-1,5050,0,1,9,-1,-1,-1,-1,1621,-1,10,-1
10013261,幻影斧10级,FFFFFF,对敌方单体造成物理攻击3倍再附加1200的伤害。重量161.,z_huanyingfu.jpg,1,1160,-1,279,401,7110,1988,3,3,-1,-1,-1,-1,-1,-1,1,109810,35,10000,5050,0,1,9,-1,-1,-1,-1,1622,-1,10,-1
10013262,撒旦之邪力10级,FFFFFF,主动使用不洁狂热使自身恢复3100点生命值。重量194.,z_sadanzhixieli.jpg,1,1284,-1,278,386,17775,0,-1,-1,-1,-1,-1,-1,-1,-1,1,110010,35,10000,6150,0,1,9,-1,-1,-1,-1,1623,-1,10,-1
10013263,雷神之锤10级,FFFFFF,连环闪电使敌方全体受到1100点魔法伤害。重量175.,z_dadiancui.jpg,1,1202,-1,143,0,0,0,3,12,-1,-1,-1,-1,-1,-1,1,110110,30,10000,5500,0,1,9,-1,-1,-1,-1,1624,-1,10,-1
10013264,斯嘉蒂之眼10级,FFFFFF,霜冻使敌方单体减少速度20%，持续3回合。重量185.,z_bingyan.jpg,1,1284,-1,461,1152,27132,8784,-1,-1,-1,-1,-1,-1,-1,-1,1,110210,0,10000,5850,0,1,9,-1,-1,-1,-1,1625,-1,10,-1
10013265,黯灭10级,FFFFFF,减少单体物理防御740点物理免疫30点，持续15回合。重量133.,z_anmie.jpg,1,356,-1,239,0,0,0,-1,-1,-1,-1,-1,-1,-1,-1,1,110610,0,10000,4100,0,1,9,-1,-1,-1,-1,1626,-1,10,-1
10013266,散失之刃10级,FFFFFF,使敌方目标受到1075点伤害，并减少450点魔法值。重量109.,z_sanshi.jpg,1,356,-1,85,218,0,777,-1,-1,-1,-1,-1,-1,-1,-1,1,110710,0,10000,3300,0,1,9,-1,-1,-1,-1,1627,-1,10,-1
10013267,天堂之戟10级,FFFFFF,使目标残废，削弱其攻击速度20%，持续3回合。重量128.,z_tiantangzhiji.jpg,1,859,-1,159,0,9327,0,7,45,-1,-1,-1,-1,-1,-1,1,110810,0,1500,3950,0,1,9,-1,-1,-1,-1,1628,-1,10,-1
10013268,圣剑10级,FFFFFF,重量310.,z_shengjian.jpg,1,1866,-1,1537,0,0,0,-1,-1,-1,-1,-1,-1,-1,-1,-1,-1,-1,-1,6200,0,1,8,-1,-1,-1,-1,1629,-1,10,-1
10013269,金箍棒10级,FFFFFF,猛击对方单体目标使其受到2000点伤害。重量172.,z_jingubang.jpg,1,1202,-1,489,0,0,0,6,100,-1,-1,-1,-1,-1,-1,1,110910,0,3500,5400,0,1,9,-1,-1,-1,-1,1630,-1,10,-1
10013270,辉耀10级,FFFFFF,使敌方全体受到每2回合220点的持续伤害，不可叠加。重量164.,z_huiyao.jpg,1,1160,-1,364,0,0,0,-1,-1,-1,-1,-1,-1,-1,-1,0,111010,-1,-1,5150,0,1,9,-1,-1,-1,-1,1631,-1,10,-1
10013271,蝴蝶10级,FFFFFF,重量190.,z_hudie.jpg,1,1284,-1,364,458,0,0,3,10,7,50,-1,-1,-1,-1,-1,-1,-1,-1,6000,0,1,9,-1,-1,-1,-1,1632,-1,10,-1
10013272,大炮10级,FFFFFF,重量178.,z_dapao.jpg,1,1284,-1,494,0,0,0,8,25,14,310,-1,-1,-1,-1,-1,-1,-1,-1,5600,0,1,9,-1,-1,-1,-1,1633,-1,10,-1
10013273,狂战斧10级,FFFFFF,溅射使敌方目标周围受到自身攻击130%伤害。重量140.,z_kuangzhan.jpg,1,356,-1,259,0,3680,1018,-1,-1,-1,-1,-1,-1,-1,-1,1,111210,0,10000,4350,0,1,9,-1,-1,-1,-1,1634,-1,10,-1
10013274,深渊之刃10级,FFFFFF,主动使用压服使敌方单体目标眩晕12回合。重量212.,z_shenyuanzhiren.jpg,1,1284,-1,676,0,7110,0,-1,-1,-1,-1,-1,-1,-1,-1,1,111310,60,10000,6750,0,1,9,-1,-1,-1,-1,1635,-1,10,-1
10013275,黑皇杖10级,FFFFFF,使自身免受50%魔法伤害,z_heihuang.jpg,1,361,-1,134,0,4667,0,-1,-1,-1,-1,-1,-1,-1,-1,1,109610,55,10000,3900,0,1,9,-1,-1,-1,-1,1636,-1,10,-1
10013276,绿杖10级,FFFFFF,使自己受到物理伤害减少30%,z_lvzhang.jpg,1,439,-1,126,115,4976,1394,-1,-1,-1,-1,-1,-1,-1,-1,0,111610,30,10000,1600,0,1,9,-1,-1,-1,-1,1637,-1,10,-1
10013277,散夜对剑10级,FFFFFF,使目标残废，削弱其攻击速度30%，持续3回合。,z_duijian.jpg,1,356,-1,173,165,7461,0,3,5,-1,-1,-1,-1,-1,-1,1,109910,0,1500,4100,0,1,9,-1,-1,-1,-1,1638,-1,10,-1
10013278,先锋盾10级,FFFFFF,,z_xianfengdun.jpg,1,155,-1,0,82,12191,0,15,10,-1,-1,-1,-1,-1,-1,-1,-1,-1,-1,2225,0,1,9,-1,-1,-1,-1,1639,-1,10,-1
10013279,卡嘉之洞察长笛10级,FFFFFF,,z_dizi.jpg,1,290,-1,0,0,7617,0,21,40,-1,-1,-1,-1,-1,-1,-1,-1,-1,-1,3628,0,1,9,-1,-1,-1,-1,1640,-1,10,-1
